[{"model": "wagtailredirects.redirect", "pk": 1, "fields": {"old_path": "/sobre-nosotros", "site": 2, "is_permanent": true, "redirect_page": 7, "redirect_page_route_path": "", "redirect_link": "", "automatically_created": true, "created_at": "2024-05-10T09:37:18.582Z"}}, {"model": "wagtailredirects.redirect", "pk": 2, "fields": {"old_path": "/servicio/informatica", "site": 2, "is_permanent": true, "redirect_page": 10, "redirect_page_route_path": "", "redirect_link": "", "automatically_created": true, "created_at": "2024-05-27T07:11:58.160Z"}}, {"model": "wagtailusers.userprofile", "pk": 1, "fields": {"user": 1, "submitted_notifications": true, "approved_notifications": true, "rejected_notifications": true, "updated_comments_notifications": true, "preferred_language": "", "current_time_zone": "", "avatar": "", "dismissibles": {"help": true, "whats-new-in-wagtail-6.0": true, "editor-guide": true}, "theme": "system"}}, {"model": "wagtailimages.image", "pk": 1, "fields": {"collection": 1, "title": "DElogo", "file": "original_images/DElogo_xgedjwO.png", "width": 400, "height": 96, "created_at": "2024-05-03T14:36:02.959Z", "uploaded_by_user": 1, "focal_point_x": null, "focal_point_y": null, "focal_point_width": null, "focal_point_height": null, "file_size": 27788, "file_hash": "d69b6f880b1ce87ac526c025ee45326189c4d784"}}, {"model": "wagtailimages.image", "pk": 2, "fields": {"collection": 1, "title": "logo-blanco", "file": "original_images/logo-blanco_HmvugFN.png", "width": 150, "height": 78, "created_at": "2024-05-03T14:36:22.452Z", "uploaded_by_user": 1, "focal_point_x": null, "focal_point_y": null, "focal_point_width": null, "focal_point_height": null, "file_size": 4482, "file_hash": "0a64566cf547fc2bdcf5142ad4689886f614307b"}}, {"model": "wagtailimages.image", "pk": 3, "fields": {"collection": 1, "title": "Foto_2024-05-16_112116", "file": "original_images/Foto_2024-05-16_112116.jpg", "width": 344, "height": 456, "created_at": "2024-05-20T09:57:17.416Z", "uploaded_by_user": 1, "focal_point_x": null, "focal_point_y": null, "focal_point_width": null, "focal_point_height": null, "file_size": 241937, "file_hash": "7d333bf813bc7059f8af1c46703c9ff8ed5f5b3d"}}, {"model": "wagtailimages.image", "pk": 4, "fields": {"collection": 1, "title": "teléfono", "file": "original_images/descarga.jpg", "width": 275, "height": 183, "created_at": "2024-05-29T07:35:40.864Z", "uploaded_by_user": 1, "focal_point_x": null, "focal_point_y": null, "focal_point_width": null, "focal_point_height": null, "file_size": 6264, "file_hash": "6d16f735d1faffc15bc2ec8e05bef85015042bf6"}}, {"model": "wagtailimages.rendition", "pk": 1, "fields": {"filter_spec": "max-165x165", "file": "images/DElogo_xgedjwO.max-165x165.png", "width": 165, "height": 39, "focal_point_key": "", "image": 1}}, {"model": "wagtailimages.rendition", "pk": 2, "fields": {"filter_spec": "max-165x165", "file": "images/logo-blanco_HmvugFN.max-165x165.png", "width": 150, "height": 78, "focal_point_key": "", "image": 2}}, {"model": "wagtailimages.rendition", "pk": 3, "fields": {"filter_spec": "fill-480x320", "file": "images/DElogo_xgedjwO.2e16d0ba.fill-480x320.png", "width": 144, "height": 96, "focal_point_key": "2e16d0ba", "image": 1}}, {"model": "wagtailimages.rendition", "pk": 4, "fields": {"filter_spec": "max-800x600", "file": "images/DElogo_xgedjwO.max-800x600.png", "width": 400, "height": 96, "focal_point_key": "", "image": 1}}, {"model": "wagtailimages.rendition", "pk": 5, "fields": {"filter_spec": "width-800", "file": "images/DElogo_xgedjwO.width-800.png", "width": 400, "height": 96, "focal_point_key": "", "image": 1}}, {"model": "wagtailimages.rendition", "pk": 6, "fields": {"filter_spec": "width-500", "file": "images/DElogo_xgedjwO.width-500.png", "width": 400, "height": 96, "focal_point_key": "", "image": 1}}, {"model": "wagtailimages.rendition", "pk": 7, "fields": {"filter_spec": "max-165x165", "file": "images/Foto_2024-05-16_112116.max-165x165.jpg", "width": 124, "height": 165, "focal_point_key": "", "image": 3}}, {"model": "wagtailimages.rendition", "pk": 8, "fields": {"filter_spec": "max-800x600", "file": "images/descarga.max-800x600.jpg", "width": 275, "height": 183, "focal_point_key": "", "image": 4}}, {"model": "wagtailimages.rendition", "pk": 9, "fields": {"filter_spec": "width-500", "file": "images/descarga.width-500.jpg", "width": 275, "height": 183, "focal_point_key": "", "image": 4}}, {"model": "wagtailsearch.sqliteftsindexentry", "pk": 1, "fields": {"autocomplete": "DElogo", "title": "DElogo", "body": ""}}, {"model": "wagtailsearch.sqliteftsindexentry", "pk": 2, "fields": {"autocomplete": "logo-blanco", "title": "logo-blanco", "body": ""}}, {"model": "wagtailsearch.sqliteftsindexentry", "pk": 4, "fields": {"autocomplete": "Root", "title": "Root", "body": ""}}, {"model": "wagtailsearch.sqliteftsindexentry", "pk": 6, "fields": {"autocomplete": "inicio", "title": "inicio", "body": ""}}, {"model": "wagtailsearch.sqliteftsindexentry", "pk": 7, "fields": {"autocomplete": "contactarnos", "title": "contactarnos", "body": ""}}, {"model": "wagtailsearch.sqliteftsindexentry", "pk": 8, "fields": {"autocomplete": "sobre nosotros", "title": "sobre nosotros", "body": ""}}, {"model": "wagtailsearch.sqliteftsindexentry", "pk": 9, "fields": {"autocomplete": "servicio", "title": "servicio", "body": ""}}, {"model": "wagtailsearch.sqliteftsindexentry", "pk": 11, "fields": {"autocomplete": "informatica", "title": "informatica", "body": ""}}, {"model": "wagtailsearch.sqliteftsindexentry", "pk": 12, "fields": {"autocomplete": "Asesor Energético", "title": "Asesor Energético", "body": ""}}, {"model": "wagtailsearch.sqliteftsindexentry", "pk": 13, "fields": {"autocomplete": "Foto_2024-05-16_112116", "title": "Foto_2024-05-16_112116", "body": ""}}, {"model": "wagtailsearch.sqliteftsindexentry", "pk": 14, "fields": {"autocomplete": "servicio-telefonía", "title": "servicio-telefonía", "body": ""}}, {"model": "wagtailsearch.sqliteftsindexentry", "pk": 15, "fields": {"autocomplete": "teléfono", "title": "teléfono", "body": ""}}, {"model": "wagtailsearch.indexentry", "pk": 1, "fields": {"content_type": 2, "object_id": "1", "title_norm": 1.4166666666666667, "autocomplete": "DElogo", "title": "DElogo", "body": ""}}, {"model": "wagtailsearch.indexentry", "pk": 2, "fields": {"content_type": 2, "object_id": "2", "title_norm": 0.7727272727272727, "autocomplete": "logo-blanco", "title": "logo-blanco", "body": ""}}, {"model": "wagtailsearch.indexentry", "pk": 4, "fields": {"content_type": 1, "object_id": "1", "title_norm": 1.625, "autocomplete": "Root", "title": "Root", "body": ""}}, {"model": "wagtailsearch.indexentry", "pk": 6, "fields": {"content_type": 45, "object_id": "5", "title_norm": 1.125, "autocomplete": "inicio", "title": "inicio", "body": ""}}, {"model": "wagtailsearch.indexentry", "pk": 7, "fields": {"content_type": 46, "object_id": "6", "title_norm": 0.65, "autocomplete": "contactarnos", "title": "contactarnos", "body": ""}}, {"model": "wagtailsearch.indexentry", "pk": 8, "fields": {"content_type": 52, "object_id": "7", "title_norm": 0.630952380952381, "autocomplete": "sobre nosotros", "title": "sobre nosotros", "body": ""}}, {"model": "wagtailsearch.indexentry", "pk": 9, "fields": {"content_type": 50, "object_id": "8", "title_norm": 1.0892857142857142, "autocomplete": "servicio", "title": "servicio", "body": ""}}, {"model": "wagtailsearch.indexentry", "pk": 11, "fields": {"content_type": 49, "object_id": "10", "title_norm": 0.8181818181818182, "autocomplete": "informatica", "title": "informatica", "body": ""}}, {"model": "wagtailsearch.indexentry", "pk": 12, "fields": {"content_type": 49, "object_id": "11", "title_norm": 0.5816993464052288, "autocomplete": "Asesor Energético", "title": "Asesor Energético", "body": ""}}, {"model": "wagtailsearch.indexentry", "pk": 13, "fields": {"content_type": 2, "object_id": "3", "title_norm": 0.5045454545454545, "autocomplete": "Foto_2024-05-16_112116", "title": "Foto_2024-05-16_112116", "body": ""}}, {"model": "wagtailsearch.indexentry", "pk": 14, "fields": {"content_type": 49, "object_id": "12", "title_norm": 0.6515151515151515, "autocomplete": "servicio-telefonía", "title": "servicio-telefonía", "body": ""}}, {"model": "wagtailsearch.indexentry", "pk": 15, "fields": {"content_type": 2, "object_id": "4", "title_norm": 1.4270833333333333, "autocomplete": "teléfono", "title": "teléfono", "body": ""}}, {"model": "wagtailcore.locale", "pk": 1, "fields": {"language_code": "es"}}, {"model": "wagtailcore.site", "pk": 2, "fields": {"hostname": "localhost", "port": 80, "site_name": "indam", "root_page": 5, "is_default_site": true}}, {"model": "wagtailcore.modellogentry", "pk": 1, "fields": {"content_type": 5, "label": "localhost [predeterminado]", "action": "wagtail.edit", "data": {}, "timestamp": "2024-05-03T14:40:54.320Z", "uuid": "a9c75693-b4e2-4df5-884b-c21238fdd2a8", "user": 1, "revision": null, "content_changed": true, "deleted": false, "object_id": "1"}}, {"model": "wagtailcore.modellogentry", "pk": 2, "fields": {"content_type": 5, "label": "localhost", "action": "wagtail.edit", "data": {}, "timestamp": "2024-05-03T14:43:01.038Z", "uuid": "e35f6c24-8ff2-4106-b8a0-2d73f5103159", "user": 1, "revision": null, "content_changed": true, "deleted": false, "object_id": "1"}}, {"model": "wagtailcore.modellogentry", "pk": 3, "fields": {"content_type": 5, "label": "localhost:8000", "action": "wagtail.edit", "data": {}, "timestamp": "2024-05-03T14:43:37.210Z", "uuid": "e8d4cf88-61ea-4818-9e00-8da03b5659b8", "user": 1, "revision": null, "content_changed": true, "deleted": false, "object_id": "1"}}, {"model": "wagtailcore.modellogentry", "pk": 4, "fields": {"content_type": 5, "label": "indam [predeterminado]", "action": "wagtail.create", "data": {}, "timestamp": "2024-05-03T14:46:42.605Z", "uuid": "920154a4-a453-4ca0-9ff5-2dd346b0a86e", "user": 1, "revision": null, "content_changed": true, "deleted": false, "object_id": "2"}}, {"model": "wagtailcore.modellogentry", "pk": 5, "fields": {"content_type": 42, "label": "mohamed", "action": "wagtail.edit", "data": {}, "timestamp": "2024-05-06T07:38:27.599Z", "uuid": "12098139-d57d-45ce-96ff-b9f83e6c920a", "user": 1, "revision": null, "content_changed": true, "deleted": false, "object_id": "1"}}, {"model": "wagtailcore.collection", "pk": 1, "fields": {"path": "0001", "depth": 1, "numchild": 0, "name": "Root"}}, {"model": "wagtailcore.groupcollectionpermission", "pk": 1, "fields": {"group": 2, "collection": 1, "permission": 1}}, {"model": "wagtailcore.groupcollectionpermission", "pk": 2, "fields": {"group": 1, "collection": 1, "permission": 1}}, {"model": "wagtailcore.groupcollectionpermission", "pk": 3, "fields": {"group": 2, "collection": 1, "permission": 2}}, {"model": "wagtailcore.groupcollectionpermission", "pk": 4, "fields": {"group": 1, "collection": 1, "permission": 2}}, {"model": "wagtailcore.groupcollectionpermission", "pk": 5, "fields": {"group": 2, "collection": 1, "permission": 102}}, {"model": "wagtailcore.groupcollectionpermission", "pk": 6, "fields": {"group": 1, "collection": 1, "permission": 102}}, {"model": "wagtailcore.groupcollectionpermission", "pk": 7, "fields": {"group": 2, "collection": 1, "permission": 103}}, {"model": "wagtailcore.groupcollectionpermission", "pk": 8, "fields": {"group": 1, "collection": 1, "permission": 103}}, {"model": "wagtailcore.groupcollectionpermission", "pk": 9, "fields": {"group": 2, "collection": 1, "permission": 105}}, {"model": "wagtailcore.groupcollectionpermission", "pk": 10, "fields": {"group": 1, "collection": 1, "permission": 105}}, {"model": "wagtailcore.referenceindex", "pk": 1, "fields": {"content_type": 2, "base_content_type": 2, "object_id": "1", "to_content_type": 8, "to_object_id": "1", "model_path": "collection", "content_path": "collection", "content_path_hash": "b40b1263-e929-57f2-a7f8-9dbce56b887b"}}, {"model": "wagtailcore.referenceindex", "pk": 2, "fields": {"content_type": 2, "base_content_type": 2, "object_id": "2", "to_content_type": 8, "to_object_id": "1", "model_path": "collection", "content_path": "collection", "content_path_hash": "b40b1263-e929-57f2-a7f8-9dbce56b887b"}}, {"model": "wagtailcore.referenceindex", "pk": 8, "fields": {"content_type": 45, "base_content_type": 1, "object_id": "5", "to_content_type": 2, "to_object_id": "1", "model_path": "carouselImages.carouselImage", "content_path": "carouselImages.1b56c542-80e8-40d2-b295-0d881c3cbac0", "content_path_hash": "33219cb5-95d5-5c14-bca1-1c35035995dd"}}, {"model": "wagtailcore.referenceindex", "pk": 9, "fields": {"content_type": 46, "base_content_type": 1, "object_id": "6", "to_content_type": 2, "to_object_id": "1", "model_path": "intro.", "content_path": "intro.", "content_path_hash": "f0bc9d9a-9fe5-52fa-8065-e75be113fc49"}}, {"model": "wagtailcore.referenceindex", "pk": 10, "fields": {"content_type": 52, "base_content_type": 1, "object_id": "7", "to_content_type": 2, "to_object_id": "1", "model_path": "body.", "content_path": "body.", "content_path_hash": "4d332296-be98-5f77-a5ad-cbe1e1aacda5"}}, {"model": "wagtailcore.referenceindex", "pk": 11, "fields": {"content_type": 50, "base_content_type": 1, "object_id": "8", "to_content_type": 1, "to_object_id": "10", "model_path": "servicioList.servicio", "content_path": "servicioList.9b2b1978-cc60-46eb-86a1-dfc770e9e554", "content_path_hash": "0b265aba-6d39-5164-8d7b-cc9cf2b1bde5"}}, {"model": "wagtailcore.referenceindex", "pk": 12, "fields": {"content_type": 50, "base_content_type": 1, "object_id": "8", "to_content_type": 1, "to_object_id": "11", "model_path": "servicioList.servicio", "content_path": "servicioList.0fde8318-b2c0-419c-a585-313cc1280d3c", "content_path_hash": "00ebaf78-f863-5aed-85e1-5047c8122186"}}, {"model": "wagtailcore.referenceindex", "pk": 13, "fields": {"content_type": 2, "base_content_type": 2, "object_id": "3", "to_content_type": 8, "to_object_id": "1", "model_path": "collection", "content_path": "collection", "content_path_hash": "b40b1263-e929-57f2-a7f8-9dbce56b887b"}}, {"model": "wagtailcore.referenceindex", "pk": 15, "fields": {"content_type": 45, "base_content_type": 1, "object_id": "5", "to_content_type": 2, "to_object_id": "3", "model_path": "carouselImages.carouselImage", "content_path": "carouselImages.7ada8382-6ced-4d3f-bcf3-a12927198efa", "content_path_hash": "f026f019-df36-5403-b4b2-f8257f48ca2f"}}, {"model": "wagtailcore.referenceindex", "pk": 16, "fields": {"content_type": 2, "base_content_type": 2, "object_id": "4", "to_content_type": 8, "to_object_id": "1", "model_path": "collection", "content_path": "collection", "content_path_hash": "b40b1263-e929-57f2-a7f8-9dbce56b887b"}}, {"model": "wagtailcore.referenceindex", "pk": 17, "fields": {"content_type": 49, "base_content_type": 1, "object_id": "12", "to_content_type": 2, "to_object_id": "4", "model_path": "body.", "content_path": "body.", "content_path_hash": "4d332296-be98-5f77-a5ad-cbe1e1aacda5"}}, {"model": "wagtailcore.page", "pk": 1, "fields": {"path": "0001", "depth": 1, "numchild": 2, "translation_key": "945abf25-70fc-4097-8267-101e091dd0d3", "locale": 1, "latest_revision": null, "live": true, "has_unpublished_changes": false, "first_published_at": null, "last_published_at": null, "live_revision": null, "go_live_at": null, "expire_at": null, "expired": false, "locked": false, "locked_at": null, "locked_by": null, "title": "Root", "draft_title": "Root", "slug": "root", "content_type": 1, "url_path": "/", "owner": null, "seo_title": "", "show_in_menus": false, "search_description": "", "latest_revision_created_at": null, "alias_of": null}}, {"model": "wagtailcore.page", "pk": 2, "fields": {"path": "00010001", "depth": 2, "numchild": 0, "translation_key": "48ff0d43-5fc1-453a-9257-d31a818f81d4", "locale": 1, "latest_revision": null, "live": true, "has_unpublished_changes": false, "first_published_at": null, "last_published_at": null, "live_revision": null, "go_live_at": null, "expire_at": null, "expired": false, "locked": false, "locked_at": null, "locked_by": null, "title": "Welcome to your new Wagtail site!", "draft_title": "Welcome to your new Wagtail site!", "slug": "home", "content_type": 1, "url_path": "/home/", "owner": null, "seo_title": "", "show_in_menus": false, "search_description": "", "latest_revision_created_at": null, "alias_of": null}}, {"model": "wagtailcore.page", "pk": 5, "fields": {"path": "00010002", "depth": 2, "numchild": 3, "translation_key": "3eebe354-c9b7-44a8-8bb1-b122818c1d03", "locale": 1, "latest_revision": 34, "live": true, "has_unpublished_changes": true, "first_published_at": "2024-05-03T14:45:43.732Z", "last_published_at": "2024-05-03T14:50:35.688Z", "live_revision": 12, "go_live_at": null, "expire_at": null, "expired": false, "locked": false, "locked_at": null, "locked_by": null, "title": "inicio", "draft_title": "inicio", "slug": "inicio", "content_type": 45, "url_path": "/inicio/", "owner": 1, "seo_title": "", "show_in_menus": false, "search_description": "", "latest_revision_created_at": "2024-05-20T10:00:20.428Z", "alias_of": null}}, {"model": "wagtailcore.page", "pk": 6, "fields": {"path": "000100020001", "depth": 3, "numchild": 0, "translation_key": "f3745923-8526-4bd2-98ef-b2ac5e2e6175", "locale": 1, "latest_revision": 14, "live": true, "has_unpublished_changes": false, "first_published_at": "2024-05-03T14:55:43.154Z", "last_published_at": "2024-05-03T14:55:43.154Z", "live_revision": 14, "go_live_at": null, "expire_at": null, "expired": false, "locked": false, "locked_at": null, "locked_by": null, "title": "contactarnos", "draft_title": "contactarnos", "slug": "contactarnos", "content_type": 46, "url_path": "/inicio/contactarnos/", "owner": 1, "seo_title": "", "show_in_menus": false, "search_description": "", "latest_revision_created_at": "2024-05-03T14:55:43.074Z", "alias_of": null}}, {"model": "wagtailcore.page", "pk": 7, "fields": {"path": "000100020002", "depth": 3, "numchild": 0, "translation_key": "6cefa2d2-e245-4150-8e73-68a2a4fb1730", "locale": 1, "latest_revision": 30, "live": true, "has_unpublished_changes": false, "first_published_at": "2024-05-03T14:58:23.764Z", "last_published_at": "2024-05-10T09:37:18.489Z", "live_revision": 30, "go_live_at": null, "expire_at": null, "expired": false, "locked": false, "locked_at": null, "locked_by": null, "title": "sobre nosotros", "draft_title": "sobre nosotros", "slug": "nosotros", "content_type": 52, "url_path": "/inicio/nosotros/", "owner": 1, "seo_title": "", "show_in_menus": true, "search_description": "", "latest_revision_created_at": "2024-05-10T09:37:18.417Z", "alias_of": null}}, {"model": "wagtailcore.page", "pk": 8, "fields": {"path": "000100020003", "depth": 3, "numchild": 3, "translation_key": "4deebec8-2160-4d8c-a357-b15b8d98c19d", "locale": 1, "latest_revision": 32, "live": true, "has_unpublished_changes": false, "first_published_at": "2024-05-06T07:41:51.179Z", "last_published_at": "2024-05-10T11:50:16.978Z", "live_revision": 32, "go_live_at": null, "expire_at": null, "expired": false, "locked": false, "locked_at": null, "locked_by": null, "title": "servicio", "draft_title": "servicio", "slug": "servicio", "content_type": 50, "url_path": "/inicio/servicio/", "owner": 1, "seo_title": "", "show_in_menus": false, "search_description": "", "latest_revision_created_at": "2024-05-10T11:50:16.841Z", "alias_of": null}}, {"model": "wagtailcore.page", "pk": 10, "fields": {"path": "0001000200030001", "depth": 4, "numchild": 0, "translation_key": "ab32d88e-4b7a-4ae5-96b9-514694b4a474", "locale": 1, "latest_revision": 36, "live": true, "has_unpublished_changes": true, "first_published_at": "2024-05-08T09:47:51.648Z", "last_published_at": "2024-05-27T07:11:58.081Z", "live_revision": 35, "go_live_at": null, "expire_at": null, "expired": false, "locked": false, "locked_at": null, "locked_by": null, "title": "informatica", "draft_title": "informatica", "slug": "servicio-informatica", "content_type": 49, "url_path": "/inicio/servicio/servicio-informatica/", "owner": 1, "seo_title": "", "show_in_menus": false, "search_description": "", "latest_revision_created_at": "2024-05-27T07:15:46.311Z", "alias_of": null}}, {"model": "wagtailcore.page", "pk": 11, "fields": {"path": "0001000200030002", "depth": 4, "numchild": 0, "translation_key": "518232d9-736a-4810-bda6-ff15f738e5b8", "locale": 1, "latest_revision": 28, "live": true, "has_unpublished_changes": false, "first_published_at": "2024-05-08T17:14:56.995Z", "last_published_at": "2024-05-08T17:14:56.995Z", "live_revision": 28, "go_live_at": null, "expire_at": null, "expired": false, "locked": false, "locked_at": null, "locked_by": null, "title": "Asesor Energético", "draft_title": "Asesor Energético", "slug": "asesor-energetico", "content_type": 49, "url_path": "/inicio/servicio/asesor-energetico/", "owner": 1, "seo_title": "", "show_in_menus": false, "search_description": "", "latest_revision_created_at": "2024-05-08T17:14:56.918Z", "alias_of": null}}, {"model": "wagtailcore.page", "pk": 12, "fields": {"path": "0001000200030003", "depth": 4, "numchild": 0, "translation_key": "760b4047-44ed-4e72-9d20-a3789d3ab51d", "locale": 1, "latest_revision": 41, "live": true, "has_unpublished_changes": false, "first_published_at": "2024-05-27T07:17:16.949Z", "last_published_at": "2024-05-29T07:57:00.681Z", "live_revision": 41, "go_live_at": null, "expire_at": null, "expired": false, "locked": false, "locked_at": null, "locked_by": null, "title": "servicio-telefonía", "draft_title": "servicio-telefonía", "slug": "servicio-telefonia", "content_type": 49, "url_path": "/inicio/servicio/servicio-telefonia/", "owner": 1, "seo_title": "", "show_in_menus": true, "search_description": "", "latest_revision_created_at": "2024-05-29T07:57:00.590Z", "alias_of": null}}, {"model": "wagtailcore.revision", "pk": 8, "fields": {"content_type": 45, "base_content_type": 1, "object_id": "5", "created_at": "2024-05-03T14:45:43.662Z", "user": 1, "object_str": "inicio", "content": {"pk": 5, "path": "00010002", "depth": 2, "numchild": 0, "translation_key": "3eebe354-c9b7-44a8-8bb1-b122818c1d03", "locale": 1, "latest_revision": null, "live": true, "has_unpublished_changes": false, "first_published_at": null, "last_published_at": null, "live_revision": null, "go_live_at": null, "expire_at": null, "expired": false, "locked": false, "locked_at": null, "locked_by": null, "title": "inicio", "draft_title": "inicio", "slug": "inicio", "content_type": 45, "url_path": "/inicio/", "owner": 1, "seo_title": "", "show_in_menus": false, "search_description": "", "latest_revision_created_at": null, "alias_of": null, "carouselImages": "[{\"type\": \"carouselImage\", \"value\": 2, \"id\": \"1b56c542-80e8-40d2-b295-0d881c3cbac0\"}]", "servicios": "[]", "wagtail_admin_comments": []}, "approved_go_live_at": null}}, {"model": "wagtailcore.revision", "pk": 9, "fields": {"content_type": 45, "base_content_type": 1, "object_id": "5", "created_at": "2024-05-03T14:45:55.033Z", "user": 1, "object_str": "inicio", "content": {"pk": 5, "path": "00010002", "depth": 2, "numchild": 0, "translation_key": "3eebe354-c9b7-44a8-8bb1-b122818c1d03", "locale": 1, "latest_revision": 8, "live": true, "has_unpublished_changes": false, "first_published_at": "2024-05-03T14:45:43.732Z", "last_published_at": "2024-05-03T14:45:43.732Z", "live_revision": 8, "go_live_at": null, "expire_at": null, "expired": false, "locked": false, "locked_at": null, "locked_by": null, "title": "inicio", "draft_title": "inicio", "slug": "inicio", "content_type": 45, "url_path": "/inicio/", "owner": 1, "seo_title": "", "show_in_menus": false, "search_description": "", "latest_revision_created_at": "2024-05-03T14:45:43.662Z", "alias_of": null, "carouselImages": "[{\"type\": \"carouselImage\", \"value\": 2, \"id\": \"1b56c542-80e8-40d2-b295-0d881c3cbac0\"}]", "servicios": "[]", "wagtail_admin_comments": []}, "approved_go_live_at": null}}, {"model": "wagtailcore.revision", "pk": 10, "fields": {"content_type": 45, "base_content_type": 1, "object_id": "5", "created_at": "2024-05-03T14:46:00.406Z", "user": 1, "object_str": "inicio", "content": {"pk": 5, "path": "00010002", "depth": 2, "numchild": 0, "translation_key": "3eebe354-c9b7-44a8-8bb1-b122818c1d03", "locale": 1, "latest_revision": 9, "live": true, "has_unpublished_changes": true, "first_published_at": "2024-05-03T14:45:43.732Z", "last_published_at": "2024-05-03T14:45:43.732Z", "live_revision": 8, "go_live_at": null, "expire_at": null, "expired": false, "locked": false, "locked_at": null, "locked_by": null, "title": "inicio", "draft_title": "inicio", "slug": "inicio", "content_type": 45, "url_path": "/inicio/", "owner": 1, "seo_title": "", "show_in_menus": false, "search_description": "", "latest_revision_created_at": "2024-05-03T14:45:55.033Z", "alias_of": null, "carouselImages": "[{\"type\": \"carouselImage\", \"value\": 2, \"id\": \"1b56c542-80e8-40d2-b295-0d881c3cbac0\"}]", "servicios": "[]", "wagtail_admin_comments": []}, "approved_go_live_at": null}}, {"model": "wagtailcore.revision", "pk": 11, "fields": {"content_type": 45, "base_content_type": 1, "object_id": "5", "created_at": "2024-05-03T14:50:31.385Z", "user": 1, "object_str": "inicio", "content": {"pk": 5, "path": "00010002", "depth": 2, "numchild": 0, "translation_key": "3eebe354-c9b7-44a8-8bb1-b122818c1d03", "locale": 1, "latest_revision": 10, "live": true, "has_unpublished_changes": false, "first_published_at": "2024-05-03T14:45:43.732Z", "last_published_at": "2024-05-03T14:46:00.458Z", "live_revision": 10, "go_live_at": null, "expire_at": null, "expired": false, "locked": false, "locked_at": null, "locked_by": null, "title": "inicio", "draft_title": "inicio", "slug": "inicio", "content_type": 45, "url_path": "/inicio/", "owner": 1, "seo_title": "", "show_in_menus": false, "search_description": "", "latest_revision_created_at": "2024-05-03T14:46:00.406Z", "alias_of": null, "carouselImages": "[{\"type\": \"carouselImage\", \"value\": 1, \"id\": \"1b56c542-80e8-40d2-b295-0d881c3cbac0\"}]", "servicios": "[]", "wagtail_admin_comments": []}, "approved_go_live_at": null}}, {"model": "wagtailcore.revision", "pk": 12, "fields": {"content_type": 45, "base_content_type": 1, "object_id": "5", "created_at": "2024-05-03T14:50:35.619Z", "user": 1, "object_str": "inicio", "content": {"pk": 5, "path": "00010002", "depth": 2, "numchild": 0, "translation_key": "3eebe354-c9b7-44a8-8bb1-b122818c1d03", "locale": 1, "latest_revision": 11, "live": true, "has_unpublished_changes": true, "first_published_at": "2024-05-03T14:45:43.732Z", "last_published_at": "2024-05-03T14:46:00.458Z", "live_revision": 10, "go_live_at": null, "expire_at": null, "expired": false, "locked": false, "locked_at": null, "locked_by": null, "title": "inicio", "draft_title": "inicio", "slug": "inicio", "content_type": 45, "url_path": "/inicio/", "owner": 1, "seo_title": "", "show_in_menus": false, "search_description": "", "latest_revision_created_at": "2024-05-03T14:50:31.385Z", "alias_of": null, "carouselImages": "[{\"type\": \"carouselImage\", \"value\": 1, \"id\": \"1b56c542-80e8-40d2-b295-0d881c3cbac0\"}]", "servicios": "[]", "wagtail_admin_comments": []}, "approved_go_live_at": null}}, {"model": "wagtailcore.revision", "pk": 13, "fields": {"content_type": 46, "base_content_type": 1, "object_id": "6", "created_at": "2024-05-03T14:55:35.745Z", "user": 1, "object_str": "contactarnos", "content": {"pk": 6, "path": "000100020001", "depth": 3, "numchild": 0, "translation_key": "f3745923-8526-4bd2-98ef-b2ac5e2e6175", "locale": 1, "latest_revision": null, "live": false, "has_unpublished_changes": false, "first_published_at": null, "last_published_at": null, "live_revision": null, "go_live_at": null, "expire_at": null, "expired": false, "locked": false, "locked_at": null, "locked_by": null, "title": "contactarnos", "draft_title": "contactarnos", "slug": "contactarnos", "content_type": 46, "url_path": "/inicio/contactarnos/", "owner": 1, "seo_title": "", "show_in_menus": false, "search_description": "", "latest_revision_created_at": null, "alias_of": null, "to_address": "dam@indam.es", "from_address": "", "subject": "", "intro": "<p data-block-key=\"pdlw3\"></p><embed embedtype=\"image\" format=\"fullwidth\" id=\"1\" alt=\"\"/><p data-block-key=\"chagr\"></p>", "thank_you_text": "<p data-block-key=\"vyw61\">gracias por escribino</p>", "wagtail_admin_comments": [], "form_fields": [{"pk": 1, "sort_order": 0, "clean_name": "tu_email", "label": "tu email", "field_type": "email", "required": true, "choices": "", "default_value": "", "help_text": "escribe", "page": 6}, {"pk": 2, "sort_order": 1, "clean_name": "asunto_de", "label": "asunto de", "field_type": "singleline", "required": true, "choices": "", "default_value": "", "help_text": "escriber", "page": 6}, {"pk": 3, "sort_order": 2, "clean_name": "body", "label": "body", "field_type": "multiline", "required": true, "choices": "", "default_value": "", "help_text": "", "page": 6}]}, "approved_go_live_at": null}}, {"model": "wagtailcore.revision", "pk": 14, "fields": {"content_type": 46, "base_content_type": 1, "object_id": "6", "created_at": "2024-05-03T14:55:43.074Z", "user": 1, "object_str": "contactarnos", "content": {"pk": 6, "path": "000100020001", "depth": 3, "numchild": 0, "translation_key": "f3745923-8526-4bd2-98ef-b2ac5e2e6175", "locale": 1, "latest_revision": 13, "live": false, "has_unpublished_changes": true, "first_published_at": null, "last_published_at": null, "live_revision": null, "go_live_at": null, "expire_at": null, "expired": false, "locked": false, "locked_at": null, "locked_by": null, "title": "contactarnos", "draft_title": "contactarnos", "slug": "contactarnos", "content_type": 46, "url_path": "/inicio/contactarnos/", "owner": 1, "seo_title": "", "show_in_menus": false, "search_description": "", "latest_revision_created_at": "2024-05-03T14:55:35.745Z", "alias_of": null, "to_address": "dam@indam.es", "from_address": "", "subject": "", "intro": "<p data-block-key=\"pdlw3\"></p><embed embedtype=\"image\" format=\"fullwidth\" id=\"1\" alt=\"\"/><p data-block-key=\"chagr\"></p>", "thank_you_text": "<p data-block-key=\"vyw61\">gracias por escribino</p>", "wagtail_admin_comments": [], "form_fields": [{"pk": 1, "sort_order": 0, "clean_name": "tu_email", "label": "tu email", "field_type": "email", "required": true, "choices": "", "default_value": "", "help_text": "escribe", "page": 6}, {"pk": 2, "sort_order": 1, "clean_name": "asunto_de", "label": "asunto de", "field_type": "singleline", "required": true, "choices": "", "default_value": "", "help_text": "escriber", "page": 6}, {"pk": 3, "sort_order": 2, "clean_name": "body", "label": "body", "field_type": "multiline", "required": true, "choices": "", "default_value": "", "help_text": "", "page": 6}]}, "approved_go_live_at": null}}, {"model": "wagtailcore.revision", "pk": 15, "fields": {"content_type": 52, "base_content_type": 1, "object_id": "7", "created_at": "2024-05-03T14:58:17.006Z", "user": 1, "object_str": "sobre nosotros", "content": {"pk": 7, "path": "000100020002", "depth": 3, "numchild": 0, "translation_key": "6cefa2d2-e245-4150-8e73-68a2a4fb1730", "locale": 1, "latest_revision": null, "live": false, "has_unpublished_changes": false, "first_published_at": null, "last_published_at": null, "live_revision": null, "go_live_at": null, "expire_at": null, "expired": false, "locked": false, "locked_at": null, "locked_by": null, "title": "sobre nosotros", "draft_title": "sobre nosotros", "slug": "sobre-nosotros", "content_type": 52, "url_path": "/inicio/sobre-nosotros/", "owner": 1, "seo_title": "", "show_in_menus": false, "search_description": "", "latest_revision_created_at": null, "alias_of": null, "body": "<p data-block-key=\"a9rfu\"></p><embed embedtype=\"image\" format=\"right\" id=\"1\" alt=\"DElogo\"/><p data-block-key=\"fbcq4\"> DAM es una Empresa de Servicios Informáticos situada en Tauste.</p><p data-block-key=\"dnb48\">Tenemos una amplia experiencia de más 18 años en el sector informático ofreciendo a nuestros clientes un trato personal, profesional, y a su vez dando soluciones de una forma rápida y efectiva. Damos soporte técnico presencial y remoto, agilizando y acortando de este modo el tiempo de espera que ralentiza su negocio. Le asesoramos en la compra, reparación o reposición de los componentes informáticos que necesite. Desde un primer momento podrá contar con toda nuestra experiencia en asesoramiento sobre las soluciones a sus problemas informáticos, además de aconsejarle en mejorar su productividad a través de la tecnología más actual y adecuada a cada necesidad. Somos una empresa seria que mira por el bien de sus clientes, lo que nos permite decir, después de una dilatada experiencia, que somos una empresa en constante evolución y que gracias a eso seguimos funcionando con la misma fuerza y filosofía que al principio de nuestros tiempos. Conozca cómo podemos ayudarle en su día a día tecnológico. No se preocupe, seguro que tenemos un plan de soporte adecuado para usted.</p>", "wagtail_admin_comments": []}, "approved_go_live_at": null}}, {"model": "wagtailcore.revision", "pk": 16, "fields": {"content_type": 52, "base_content_type": 1, "object_id": "7", "created_at": "2024-05-03T14:58:23.693Z", "user": 1, "object_str": "sobre nosotros", "content": {"pk": 7, "path": "000100020002", "depth": 3, "numchild": 0, "translation_key": "6cefa2d2-e245-4150-8e73-68a2a4fb1730", "locale": 1, "latest_revision": 15, "live": false, "has_unpublished_changes": true, "first_published_at": null, "last_published_at": null, "live_revision": null, "go_live_at": null, "expire_at": null, "expired": false, "locked": false, "locked_at": null, "locked_by": null, "title": "sobre nosotros", "draft_title": "sobre nosotros", "slug": "sobre-nosotros", "content_type": 52, "url_path": "/inicio/sobre-nosotros/", "owner": 1, "seo_title": "", "show_in_menus": false, "search_description": "", "latest_revision_created_at": "2024-05-03T14:58:17.006Z", "alias_of": null, "body": "<p data-block-key=\"a9rfu\"></p><embed embedtype=\"image\" format=\"right\" id=\"1\" alt=\"DElogo\"/><p data-block-key=\"fbcq4\">DAM es una Empresa de Servicios Informáticos situada en Tauste.</p><p data-block-key=\"dnb48\">Tenemos una amplia experiencia de más 18 años en el sector informático ofreciendo a nuestros clientes un trato personal, profesional, y a su vez dando soluciones de una forma rápida y efectiva. Damos soporte técnico presencial y remoto, agilizando y acortando de este modo el tiempo de espera que ralentiza su negocio. Le asesoramos en la compra, reparación o reposición de los componentes informáticos que necesite. Desde un primer momento podrá contar con toda nuestra experiencia en asesoramiento sobre las soluciones a sus problemas informáticos, además de aconsejarle en mejorar su productividad a través de la tecnología más actual y adecuada a cada necesidad. Somos una empresa seria que mira por el bien de sus clientes, lo que nos permite decir, después de una dilatada experiencia, que somos una empresa en constante evolución y que gracias a eso seguimos funcionando con la misma fuerza y filosofía que al principio de nuestros tiempos. Conozca cómo podemos ayudarle en su día a día tecnológico. No se preocupe, seguro que tenemos un plan de soporte adecuado para usted.</p>", "wagtail_admin_comments": []}, "approved_go_live_at": null}}, {"model": "wagtailcore.revision", "pk": 17, "fields": {"content_type": 52, "base_content_type": 1, "object_id": "7", "created_at": "2024-05-03T15:02:22.747Z", "user": 1, "object_str": "sobre nosotros", "content": {"pk": 7, "path": "000100020002", "depth": 3, "numchild": 0, "translation_key": "6cefa2d2-e245-4150-8e73-68a2a4fb1730", "locale": 1, "latest_revision": 16, "live": true, "has_unpublished_changes": false, "first_published_at": "2024-05-03T14:58:23.764Z", "last_published_at": "2024-05-03T14:58:23.764Z", "live_revision": 16, "go_live_at": null, "expire_at": null, "expired": false, "locked": false, "locked_at": null, "locked_by": null, "title": "sobre nosotros", "draft_title": "sobre nosotros", "slug": "sobre-nosotros", "content_type": 52, "url_path": "/inicio/sobre-nosotros/", "owner": 1, "seo_title": "", "show_in_menus": false, "search_description": "", "latest_revision_created_at": "2024-05-03T14:58:23.693Z", "alias_of": null, "body": "<p data-block-key=\"a9rfu\"></p><embed embedtype=\"image\" format=\"right\" id=\"1\" alt=\"DElogo\"/><h2 data-block-key=\"fbcq4\">DAM es una Empresa de Servicios Informáticos situada en Tauste.</h2><p data-block-key=\"dnb48\">Tenemos una amplia experiencia de más 18 años en el sector informático ofreciendo a nuestros clientes un trato personal, profesional, y a su vez dando soluciones de una forma rápida y efectiva. Damos soporte técnico presencial y remoto, agilizando y acortando de este modo el tiempo de espera que ralentiza su negocio. Le asesoramos en la compra, reparación o reposición de los componentes informáticos que necesite. Desde un primer momento podrá contar con toda nuestra experiencia en asesoramiento sobre las soluciones a sus problemas informáticos, además de aconsejarle en mejorar su productividad a través de la tecnología más actual y adecuada a cada necesidad. Somos una empresa seria que mira por el bien de sus clientes, lo que nos permite decir, después de una dilatada experiencia, que somos una empresa en constante evolución y que gracias a eso seguimos funcionando con la misma fuerza y filosofía que al principio de nuestros tiempos. Conozca cómo podemos ayudarle en su día a día tecnológico. No se preocupe, seguro que tenemos un plan de soporte adecuado para usted.</p>", "wagtail_admin_comments": []}, "approved_go_live_at": null}}, {"model": "wagtailcore.revision", "pk": 18, "fields": {"content_type": 52, "base_content_type": 1, "object_id": "7", "created_at": "2024-05-03T15:02:49.185Z", "user": 1, "object_str": "sobre nosotros", "content": {"pk": 7, "path": "000100020002", "depth": 3, "numchild": 0, "translation_key": "6cefa2d2-e245-4150-8e73-68a2a4fb1730", "locale": 1, "latest_revision": 17, "live": true, "has_unpublished_changes": true, "first_published_at": "2024-05-03T14:58:23.764Z", "last_published_at": "2024-05-03T14:58:23.764Z", "live_revision": 16, "go_live_at": null, "expire_at": null, "expired": false, "locked": false, "locked_at": null, "locked_by": null, "title": "sobre nosotros", "draft_title": "sobre nosotros", "slug": "sobre-nosotros", "content_type": 52, "url_path": "/inicio/sobre-nosotros/", "owner": 1, "seo_title": "", "show_in_menus": false, "search_description": "", "latest_revision_created_at": "2024-05-03T15:02:22.747Z", "alias_of": null, "body": "<p data-block-key=\"a9rfu\"></p><embed embedtype=\"image\" format=\"right\" id=\"1\" alt=\"DElogo\"/><h2 data-block-key=\"fbcq4\">DAM es una Empresa de Servicios Informáticos situada en Tauste.</h2><p data-block-key=\"dnb48\">Tenemos una amplia experiencia de más 18 años en el sector informático ofreciendo a nuestros clientes un trato personal, profesional, y a su vez dando soluciones de una forma rápida y efectiva. Damos soporte técnico presencial y remoto, agilizando y acortando de este modo el tiempo de espera que ralentiza su negocio. Le asesoramos en la compra, reparación o reposición de los componentes informáticos que necesite. Desde un primer momento podrá contar con toda nuestra experiencia en asesoramiento sobre las soluciones a sus problemas informáticos, además de aconsejarle en mejorar su productividad a través de la tecnología más actual y adecuada a cada necesidad. Somos una empresa seria que mira por el bien de sus clientes, lo que nos permite decir, después de una dilatada experiencia, que somos una empresa en constante evolución y que gracias a eso seguimos funcionando con la misma fuerza y filosofía que al principio de nuestros tiempos. Conozca cómo podemos ayudarle en su día a día tecnológico. No se preocupe, seguro que tenemos un plan de soporte adecuado para usted.</p>", "wagtail_admin_comments": []}, "approved_go_live_at": null}}, {"model": "wagtailcore.revision", "pk": 19, "fields": {"content_type": 50, "base_content_type": 1, "object_id": "8", "created_at": "2024-05-06T07:41:40.773Z", "user": 1, "object_str": "servicios", "content": {"pk": 8, "path": "000100020003", "depth": 3, "numchild": 0, "translation_key": "4deebec8-2160-4d8c-a357-b15b8d98c19d", "locale": 1, "latest_revision": null, "live": false, "has_unpublished_changes": false, "first_published_at": null, "last_published_at": null, "live_revision": null, "go_live_at": null, "expire_at": null, "expired": false, "locked": false, "locked_at": null, "locked_by": null, "title": "servicio", "draft_title": "servicio", "slug": "servicio", "content_type": 50, "url_path": "/inicio/servicio/", "owner": 1, "seo_title": "", "show_in_menus": false, "search_description": "", "latest_revision_created_at": null, "alias_of": null, "tittle": "servicios", "body": "<p data-block-key=\"vbi54\"> </p><p data-block-key=\"6p37p\"><b>En DAM Somos Profesionales Del Asesoramiento Y Ejecución De La Mejor Solución Técnica Para Su Negocio.</b></p><p data-block-key=\"6t4b\">Realizamos todo tipo de instalaciones, desde un simple puesto, a toda la red informatizada de su empresa. Resolvemos incidencias informáticas y, gracias a nuestros planes de mantenimiento, podrás disfrutar de un soporte realmente eficaz en el menor tiempo posible. Damos soporte presencial y remoto desde nuestras oficinas situadas en Tauste (Zaragoza), para que cualquier incidencia sea resuelta rápidamente, evitando así pérdidas por no actividad en nuestros clientes. Nos adaptamos sus necesidades ofertando un gran abanico de herramientas, escalando sus requerimientos cuando evolucionen. Le ofrecemos presupuestos personalizados para el mantenimiento informático de su empresa, o simplemente puede disponer de servicio técnico presencial cuando lo necesite contactando con nosotros.</p>", "servicioList": "[]", "wagtail_admin_comments": []}, "approved_go_live_at": null}}, {"model": "wagtailcore.revision", "pk": 20, "fields": {"content_type": 50, "base_content_type": 1, "object_id": "8", "created_at": "2024-05-06T07:41:51.120Z", "user": 1, "object_str": "servicios", "content": {"pk": 8, "path": "000100020003", "depth": 3, "numchild": 0, "translation_key": "4deebec8-2160-4d8c-a357-b15b8d98c19d", "locale": 1, "latest_revision": 19, "live": false, "has_unpublished_changes": true, "first_published_at": null, "last_published_at": null, "live_revision": null, "go_live_at": null, "expire_at": null, "expired": false, "locked": false, "locked_at": null, "locked_by": null, "title": "servicio", "draft_title": "servicio", "slug": "servicio", "content_type": 50, "url_path": "/inicio/servicio/", "owner": 1, "seo_title": "", "show_in_menus": false, "search_description": "", "latest_revision_created_at": "2024-05-06T07:41:40.773Z", "alias_of": null, "tittle": "servicios", "body": "<p data-block-key=\"vbi54\"></p><p data-block-key=\"6p37p\"><b>En DAM Somos Profesionales Del Asesoramiento Y Ejecución De La Mejor Solución Técnica Para Su Negocio.</b></p><p data-block-key=\"6t4b\">Realizamos todo tipo de instalaciones, desde un simple puesto, a toda la red informatizada de su empresa. Resolvemos incidencias informáticas y, gracias a nuestros planes de mantenimiento, podrás disfrutar de un soporte realmente eficaz en el menor tiempo posible. Damos soporte presencial y remoto desde nuestras oficinas situadas en Tauste (Zaragoza), para que cualquier incidencia sea resuelta rápidamente, evitando así pérdidas por no actividad en nuestros clientes. Nos adaptamos sus necesidades ofertando un gran abanico de herramientas, escalando sus requerimientos cuando evolucionen. Le ofrecemos presupuestos personalizados para el mantenimiento informático de su empresa, o simplemente puede disponer de servicio técnico presencial cuando lo necesite contactando con nosotros.</p>", "servicioList": "[]", "wagtail_admin_comments": []}, "approved_go_live_at": null}}, {"model": "wagtailcore.revision", "pk": 21, "fields": {"content_type": 50, "base_content_type": 1, "object_id": "8", "created_at": "2024-05-06T07:58:29.202Z", "user": 1, "object_str": "servicios", "content": {"pk": 8, "path": "000100020003", "depth": 3, "numchild": 0, "translation_key": "4deebec8-2160-4d8c-a357-b15b8d98c19d", "locale": 1, "latest_revision": 20, "live": true, "has_unpublished_changes": false, "first_published_at": "2024-05-06T07:41:51.179Z", "last_published_at": "2024-05-06T07:41:51.179Z", "live_revision": 20, "go_live_at": null, "expire_at": null, "expired": false, "locked": false, "locked_at": null, "locked_by": null, "title": "servicio", "draft_title": "servicio", "slug": "servicio", "content_type": 50, "url_path": "/inicio/servicio/", "owner": 1, "seo_title": "", "show_in_menus": false, "search_description": "", "latest_revision_created_at": "2024-05-06T07:41:51.120Z", "alias_of": null, "tittle": "servicios", "body": "<h2 data-block-key=\"vbi54\"><b>En DAM Somos Profesionales Del Asesoramiento Y Ejecución De La Mejor Solución Técnica Para Su Negocio.</b></h2><p data-block-key=\"6t4b\">Realizamos todo tipo de instalaciones, desde un simple puesto, a toda la red informatizada de su empresa. Resolvemos incidencias informáticas y, gracias a nuestros planes de mantenimiento, podrás disfrutar de un soporte realmente eficaz en el menor tiempo posible. Damos soporte presencial y remoto desde nuestras oficinas situadas en Tauste (Zaragoza), para que cualquier incidencia sea resuelta rápidamente, evitando así pérdidas por no actividad en nuestros clientes. Nos adaptamos sus necesidades ofertando un gran abanico de herramientas, escalando sus requerimientos cuando evolucionen. Le ofrecemos presupuestos personalizados para el mantenimiento informático de su empresa, o simplemente puede disponer de servicio técnico presencial cuando lo necesite contactando con nosotros.</p>", "servicioList": "[]", "wagtail_admin_comments": []}, "approved_go_live_at": null}}, {"model": "wagtailcore.revision", "pk": 22, "fields": {"content_type": 50, "base_content_type": 1, "object_id": "8", "created_at": "2024-05-08T08:12:31.739Z", "user": 1, "object_str": "servicios", "content": {"pk": 8, "path": "000100020003", "depth": 3, "numchild": 0, "translation_key": "4deebec8-2160-4d8c-a357-b15b8d98c19d", "locale": 1, "latest_revision": 21, "live": true, "has_unpublished_changes": true, "first_published_at": "2024-05-06T07:41:51.179Z", "last_published_at": "2024-05-06T07:41:51.179Z", "live_revision": 20, "go_live_at": null, "expire_at": null, "expired": false, "locked": false, "locked_at": null, "locked_by": null, "title": "servicio", "draft_title": "servicio", "slug": "servicio", "content_type": 50, "url_path": "/inicio/servicio/", "owner": 1, "seo_title": "", "show_in_menus": false, "search_description": "", "latest_revision_created_at": "2024-05-06T07:58:29.202Z", "alias_of": null, "tittle": "servicios", "body": "<h2 data-block-key=\"vbi54\"><b>En DAM Somos Profesionales Del Asesoramiento Y Ejecución De La Mejor Solución Técnica Para Su Negocio.</b></h2><p data-block-key=\"6t4b\">Realizamos todo tipo de instalaciones, desde un simple puesto, a toda la red informatizada de su empresa. Resolvemos incidencias informáticas y, gracias a nuestros planes de mantenimiento, podrás disfrutar de un soporte realmente eficaz en el menor tiempo posible. Damos soporte presencial y remoto desde nuestras oficinas situadas en Tauste (Zaragoza), para que cualquier incidencia sea resuelta rápidamente, evitando así pérdidas por no actividad en nuestros clientes. Nos adaptamos sus necesidades ofertando un gran abanico de herramientas, escalando sus requerimientos cuando evolucionen. Le ofrecemos presupuestos personalizados para el mantenimiento informático de su empresa, o simplemente puede disponer de servicio técnico presencial cuando lo necesite contactando con nosotros.</p>", "servicioList": "[]", "wagtail_admin_comments": []}, "approved_go_live_at": null}}, {"model": "wagtailcore.revision", "pk": 25, "fields": {"content_type": 49, "base_content_type": 1, "object_id": "10", "created_at": "2024-05-08T09:47:44.335Z", "user": 1, "object_str": "informatica", "content": {"pk": 10, "path": "0001000200030001", "depth": 4, "numchild": 0, "translation_key": "ab32d88e-4b7a-4ae5-96b9-514694b4a474", "locale": 1, "latest_revision": null, "live": false, "has_unpublished_changes": false, "first_published_at": null, "last_published_at": null, "live_revision": null, "go_live_at": null, "expire_at": null, "expired": false, "locked": false, "locked_at": null, "locked_by": null, "title": "informatica", "draft_title": "informatica", "slug": "informatica", "content_type": 49, "url_path": "/inicio/servicio/informatica/", "owner": 1, "seo_title": "", "show_in_menus": false, "search_description": "", "latest_revision_created_at": null, "alias_of": null, "tittle": "informatica", "body": "<h4 data-block-key=\"5kzqu\">informatica</h4><p data-block-key=\"4k4cu\"></p>", "subapartadoslist": "[]", "wagtail_admin_comments": []}, "approved_go_live_at": null}}, {"model": "wagtailcore.revision", "pk": 26, "fields": {"content_type": 49, "base_content_type": 1, "object_id": "10", "created_at": "2024-05-08T09:47:51.465Z", "user": 1, "object_str": "informatica", "content": {"pk": 10, "path": "0001000200030001", "depth": 4, "numchild": 0, "translation_key": "ab32d88e-4b7a-4ae5-96b9-514694b4a474", "locale": 1, "latest_revision": 25, "live": false, "has_unpublished_changes": true, "first_published_at": null, "last_published_at": null, "live_revision": null, "go_live_at": null, "expire_at": null, "expired": false, "locked": false, "locked_at": null, "locked_by": null, "title": "informatica", "draft_title": "informatica", "slug": "informatica", "content_type": 49, "url_path": "/inicio/servicio/informatica/", "owner": 1, "seo_title": "", "show_in_menus": false, "search_description": "", "latest_revision_created_at": "2024-05-08T09:47:44.335Z", "alias_of": null, "tittle": "informatica", "body": "<h4 data-block-key=\"5kzqu\">informatica</h4><p data-block-key=\"4k4cu\"></p>", "subapartadoslist": "[]", "wagtail_admin_comments": []}, "approved_go_live_at": null}}, {"model": "wagtailcore.revision", "pk": 27, "fields": {"content_type": 49, "base_content_type": 1, "object_id": "11", "created_at": "2024-05-08T17:14:30.796Z", "user": 1, "object_str": "Asesor Energético", "content": {"pk": 11, "path": "0001000200030002", "depth": 4, "numchild": 0, "translation_key": "518232d9-736a-4810-bda6-ff15f738e5b8", "locale": 1, "latest_revision": null, "live": false, "has_unpublished_changes": false, "first_published_at": null, "last_published_at": null, "live_revision": null, "go_live_at": null, "expire_at": null, "expired": false, "locked": false, "locked_at": null, "locked_by": null, "title": "Asesor Energético", "draft_title": "Asesor Energético", "slug": "asesor-energetico", "content_type": 49, "url_path": "/inicio/servicio/asesor-energetico/", "owner": 1, "seo_title": "", "show_in_menus": false, "search_description": "", "latest_revision_created_at": null, "alias_of": null, "tittle": "Asesor Energético", "body": "<p data-block-key=\"imwe3\"> </p><h2 data-block-key=\"flvqr\"><b>Somos tu consultoría energética de confianza</b></h2><h3 data-block-key=\"civ32\"><b>Más de 20.000 clientes confían en nosotros</b></h3><p data-block-key=\"5u7pr\"><b>Te guiamos en tus decisiones energéticas para optimizar y ahorrar en tus costes de energía, con el menor impacto medioambiental posible, reduciendo con ello tu huella de carbono en nuestro planeta</b><a href=\"https://www.barneyandco.es/nosotros/\"><b>CONÓCENOS</b></a></p><h4 data-block-key=\"3phcn\"><b>EMPRESAS</b></h4><h2 data-block-key=\"6fuio\"><b>Optimización y gestión de suministros de energía</b></h2><h3 data-block-key=\"a2piv\"><b>Energía a tu medida</b></h3><p data-block-key=\"5md3h\"><b>Gestionamos tu energía y te ofrecemos un plan de ahorro personalizado.</b></p><p data-block-key=\"5cbk9\"><b>Te asignamos un gestor personal que se encargará de que no estés pagando de más por la luz y el gas en tu negocio para que tu puedas centrar tu energía en el resto.</b></p><p data-block-key=\"k22u\"><a href=\"https://www.barneyandco.es/empresas-optimizacion-y-gestion-de-suministros-de-energia/\"><b>SABER MÁS</b></a><a href=\"https://www.barneyandco.es/calcula-tu-ahorro/\"><b>CALCULA TU AHORRO</b></a></p><h4 data-block-key=\"dbnkp\"><b>PARA TU HOGAR</b></h4><h2 data-block-key=\"23ob\"><b>Tenemos tu plan ahorro</b><br/><b>de luz y gas</b></h2><h3 data-block-key=\"4devb\"><b>Estamos contigo, cerca de ti</b></h3><p data-block-key=\"4f7aq\"><b>Trabajamos para ti, también somos consumidores de energía y queremos lo mismo que tu: compromiso, confianza, transparencia y por supuesto ahorro.</b></p><p data-block-key=\"eqh3p\"><b>Sabemos que planes se ajustan mejor a cada perfil de cliente y además potenciamos aquellas soluciones que provienen de energías renovables y son respetuosas con el medioambiente.</b></p><p data-block-key=\"itob\"><a href=\"https://www.barneyandco.es/hogar/\"><b>SABER MÁS</b></a><a href=\"https://www.barneyandco.es/calcula-tu-ahorro/\"><b>CALCULA TU AHORRO</b></a></p><h4 data-block-key=\"435rl\"><b>PARA ADMINISTRADORES DE FINCAS</b></h4><h2 data-block-key=\"a4sv7\"><b>Tu cliente es nuestro cliente</b></h2><p data-block-key=\"9f5a6\"><b>Somos tu partner de energía. Con nuestros sistemas te ahorrarás un sinfín de gestiones con las compañías eléctricas y perdidas de tiempo innecesarias en tu negocio, además te remuneraremos por ello.</b></p><p data-block-key=\"cnibh\"><b>Trabajamos para ti, reduciendo el gasto en tus comunidades y ofreciéndote las mejores soluciones de eficiencia energética.</b></p><p data-block-key=\"14maq\"><b>Te ofrecemos un estudio gratuito para todos tus clientes con las mejores tarifas de luz y gas del mercado.</b></p><p data-block-key=\"fn1oe\"><a href=\"https://www.barneyandco.es/administracion-de-fincas/\"><b>SABER MÁS</b></a></p><h2 data-block-key=\"r3o9\"><b>¿Qué vamos hacer por ti?</b></h2><h4 data-block-key=\"1bc8e\"><b>Gestor personal</b></h4><h4 data-block-key=\"1fgk2\"><b>Auditoría de consumo</b></h4><h4 data-block-key=\"f2vor\"><b>Análisis de potencia</b></h4><h4 data-block-key=\"a8d81\"><b>Eficiencia energética</b></h4><h4 data-block-key=\"7vr1p\"><b>Ahorro</b></h4><h2 data-block-key=\"f44e5\"><b>Soluciones de eficiencia energética</b></h2><p data-block-key=\"fgbqt\"><b>La eficiencia energética comporta beneficios económicos netos y son la mejor alternativa para reducir las emisiones junto al uso de tecnologías no contaminantes como las de origen renovable.</b></p><p data-block-key=\"400hj\"><b>Barney@co te propone una batería de soluciones llaves en mano que incluyen el estudio de viabilidad, legalización, instalación, financiación y garantía.</b></p><p data-block-key=\"237vb\"><b>Apúntate al futuro y reduce tu huella de carbono.</b></p><h4 data-block-key=\"akhps\"><b>Autoconsumo</b></h4><h4 data-block-key=\"4rks9\"><b>LEDs</b></h4><h4 data-block-key=\"53vl2\"><b>Contador fiscal</b></h4><h4 data-block-key=\"3htkq\"><b>Baterías de condensadores</b></h4><h4 data-block-key=\"jorf\"><b>Cargadores eléctricos</b></h4><h4 data-block-key=\"6cnb1\"><b>¡TE BUSCAMOS A TI!</b></h4><h2 data-block-key=\"55gsr\"><b>Súmate al equipo de Barney&amp;Co</b></h2><p data-block-key=\"8qedb\"><b>Apostamos por un desarrollo profesional basado en la formación, la innovación, la creatividad y sobre todo en tu talento y capacidad.</b></p><p data-block-key=\"7kd7h\"><b>Nuestro compromiso contigo implica construir una relación justa basada en la confianza, el compromiso mutuo, valores compartidos y con una idea clara: sino ganamos todos no vale la pena el viaje.</b></p><p data-block-key=\"eifvi\"><a href=\"https://www.barneyandco.es/unete-al-equipo/\"><b>ÚNETE AL EQUIPO</b></a> </p>", "subapartadoslist": "[]", "wagtail_admin_comments": []}, "approved_go_live_at": null}}, {"model": "wagtailcore.revision", "pk": 28, "fields": {"content_type": 49, "base_content_type": 1, "object_id": "11", "created_at": "2024-05-08T17:14:56.918Z", "user": 1, "object_str": "Asesor Energético", "content": {"pk": 11, "path": "0001000200030002", "depth": 4, "numchild": 0, "translation_key": "518232d9-736a-4810-bda6-ff15f738e5b8", "locale": 1, "latest_revision": 27, "live": false, "has_unpublished_changes": true, "first_published_at": null, "last_published_at": null, "live_revision": null, "go_live_at": null, "expire_at": null, "expired": false, "locked": false, "locked_at": null, "locked_by": null, "title": "Asesor Energético", "draft_title": "Asesor Energético", "slug": "asesor-energetico", "content_type": 49, "url_path": "/inicio/servicio/asesor-energetico/", "owner": 1, "seo_title": "", "show_in_menus": false, "search_description": "", "latest_revision_created_at": "2024-05-08T17:14:30.796Z", "alias_of": null, "tittle": "Asesor Energético", "body": "<p data-block-key=\"imwe3\"></p><h2 data-block-key=\"flvqr\"><b>Somos tu consultoría energética de confianza</b></h2><h3 data-block-key=\"civ32\"><b>Más de 20.000 clientes confían en nosotros</b></h3><p data-block-key=\"5u7pr\"><b>Te guiamos en tus decisiones energéticas para optimizar y ahorrar en tus costes de energía, con el menor impacto medioambiental posible, reduciendo con ello tu huella de carbono en nuestro planeta</b><a href=\"https://www.barneyandco.es/nosotros/\"><b>CONÓCENOS</b></a></p><h4 data-block-key=\"3phcn\"><b>EMPRESAS</b></h4><h2 data-block-key=\"6fuio\"><b>Optimización y gestión de suministros de energía</b></h2><h3 data-block-key=\"a2piv\"><b>Energía a tu medida</b></h3><p data-block-key=\"5md3h\"><b>Gestionamos tu energía y te ofrecemos un plan de ahorro personalizado.</b></p><p data-block-key=\"5cbk9\"><b>Te asignamos un gestor personal que se encargará de que no estés pagando de más por la luz y el gas en tu negocio para que tu puedas centrar tu energía en el resto.</b></p><p data-block-key=\"k22u\"><a href=\"https://www.barneyandco.es/empresas-optimizacion-y-gestion-de-suministros-de-energia/\"><b>SABER MÁS</b></a><a href=\"https://www.barneyandco.es/calcula-tu-ahorro/\"><b>CALCULA TU AHORRO</b></a></p><h4 data-block-key=\"dbnkp\"><b>PARA TU HOGAR</b></h4><h2 data-block-key=\"23ob\"><b>Tenemos tu plan ahorro</b><br/><b>de luz y gas</b></h2><h3 data-block-key=\"4devb\"><b>Estamos contigo, cerca de ti</b></h3><p data-block-key=\"4f7aq\"><b>Trabajamos para ti, también somos consumidores de energía y queremos lo mismo que tu: compromiso, confianza, transparencia y por supuesto ahorro.</b></p><p data-block-key=\"eqh3p\"><b>Sabemos que planes se ajustan mejor a cada perfil de cliente y además potenciamos aquellas soluciones que provienen de energías renovables y son respetuosas con el medioambiente.</b></p><p data-block-key=\"itob\"><a href=\"https://www.barneyandco.es/hogar/\"><b>SABER MÁS</b></a><a href=\"https://www.barneyandco.es/calcula-tu-ahorro/\"><b>CALCULA TU AHORRO</b></a></p><h4 data-block-key=\"435rl\"><b>PARA ADMINISTRADORES DE FINCAS</b></h4><h2 data-block-key=\"a4sv7\"><b>Tu cliente es nuestro cliente</b></h2><p data-block-key=\"9f5a6\"><b>Somos tu partner de energía. Con nuestros sistemas te ahorrarás un sinfín de gestiones con las compañías eléctricas y perdidas de tiempo innecesarias en tu negocio, además te remuneraremos por ello.</b></p><p data-block-key=\"cnibh\"><b>Trabajamos para ti, reduciendo el gasto en tus comunidades y ofreciéndote las mejores soluciones de eficiencia energética.</b></p><p data-block-key=\"14maq\"><b>Te ofrecemos un estudio gratuito para todos tus clientes con las mejores tarifas de luz y gas del mercado.</b></p><p data-block-key=\"fn1oe\"><a href=\"https://www.barneyandco.es/administracion-de-fincas/\"><b>SABER MÁS</b></a></p><h2 data-block-key=\"r3o9\"><b>¿Qué vamos hacer por ti?</b></h2><h4 data-block-key=\"1bc8e\"><b>Gestor personal</b></h4><h4 data-block-key=\"1fgk2\"><b>Auditoría de consumo</b></h4><h4 data-block-key=\"f2vor\"><b>Análisis de potencia</b></h4><h4 data-block-key=\"a8d81\"><b>Eficiencia energética</b></h4><h4 data-block-key=\"7vr1p\"><b>Ahorro</b></h4><h2 data-block-key=\"f44e5\"><b>Soluciones de eficiencia energética</b></h2><p data-block-key=\"fgbqt\"><b>La eficiencia energética comporta beneficios económicos netos y son la mejor alternativa para reducir las emisiones junto al uso de tecnologías no contaminantes como las de origen renovable.</b></p><p data-block-key=\"400hj\"><b>Barney@co te propone una batería de soluciones llaves en mano que incluyen el estudio de viabilidad, legalización, instalación, financiación y garantía.</b></p><p data-block-key=\"237vb\"><b>Apúntate al futuro y reduce tu huella de carbono.</b></p><h4 data-block-key=\"akhps\"><b>Autoconsumo</b></h4><h4 data-block-key=\"4rks9\"><b>LEDs</b></h4><h4 data-block-key=\"53vl2\"><b>Contador fiscal</b></h4><h4 data-block-key=\"3htkq\"><b>Baterías de condensadores</b></h4><h4 data-block-key=\"jorf\"><b>Cargadores eléctricos</b></h4><h4 data-block-key=\"6cnb1\"><b>¡TE BUSCAMOS A TI!</b></h4><h2 data-block-key=\"55gsr\"><b>Súmate al equipo de Barney&amp;Co</b></h2><p data-block-key=\"8qedb\"><b>Apostamos por un desarrollo profesional basado en la formación, la innovación, la creatividad y sobre todo en tu talento y capacidad.</b></p><p data-block-key=\"7kd7h\"><b>Nuestro compromiso contigo implica construir una relación justa basada en la confianza, el compromiso mutuo, valores compartidos y con una idea clara: sino ganamos todos no vale la pena el viaje.</b></p><p data-block-key=\"eifvi\"><a href=\"https://www.barneyandco.es/unete-al-equipo/\"><b>ÚNETE AL EQUIPO</b></a></p>", "subapartadoslist": "[]", "wagtail_admin_comments": []}, "approved_go_live_at": null}}, {"model": "wagtailcore.revision", "pk": 29, "fields": {"content_type": 52, "base_content_type": 1, "object_id": "7", "created_at": "2024-05-10T09:36:46.988Z", "user": 1, "object_str": "sobre nosotros", "content": {"pk": 7, "path": "000100020002", "depth": 3, "numchild": 0, "translation_key": "6cefa2d2-e245-4150-8e73-68a2a4fb1730", "locale": 1, "latest_revision": 18, "live": true, "has_unpublished_changes": false, "first_published_at": "2024-05-03T14:58:23.764Z", "last_published_at": "2024-05-03T15:02:49.241Z", "live_revision": 18, "go_live_at": null, "expire_at": null, "expired": false, "locked": false, "locked_at": null, "locked_by": null, "title": "sobre nosotros", "draft_title": "sobre nosotros", "slug": "nosotros", "content_type": 52, "url_path": "/inicio/sobre-nosotros/", "owner": 1, "seo_title": "", "show_in_menus": true, "search_description": "", "latest_revision_created_at": "2024-05-03T15:02:49.185Z", "alias_of": null, "body": "<p data-block-key=\"a9rfu\"></p><embed embedtype=\"image\" format=\"right\" id=\"1\" alt=\"DElogo\"/><h2 data-block-key=\"fbcq4\">DAM es una Empresa de Servicios Informáticos situada en Tauste.</h2><p data-block-key=\"dnb48\">Tenemos una amplia experiencia de más 18 años en el sector informático ofreciendo a nuestros clientes un trato personal, profesional, y a su vez dando soluciones de una forma rápida y efectiva. Damos soporte técnico presencial y remoto, agilizando y acortando de este modo el tiempo de espera que ralentiza su negocio. Le asesoramos en la compra, reparación o reposición de los componentes informáticos que necesite. Desde un primer momento podrá contar con toda nuestra experiencia en asesoramiento sobre las soluciones a sus problemas informáticos, además de aconsejarle en mejorar su productividad a través de la tecnología más actual y adecuada a cada necesidad. Somos una empresa seria que mira por el bien de sus clientes, lo que nos permite decir, después de una dilatada experiencia, que somos una empresa en constante evolución y que gracias a eso seguimos funcionando con la misma fuerza y filosofía que al principio de nuestros tiempos. Conozca cómo podemos ayudarle en su día a día tecnológico. No se preocupe, seguro que tenemos un plan de soporte adecuado para usted.</p>", "wagtail_admin_comments": []}, "approved_go_live_at": null}}, {"model": "wagtailcore.revision", "pk": 30, "fields": {"content_type": 52, "base_content_type": 1, "object_id": "7", "created_at": "2024-05-10T09:37:18.417Z", "user": 1, "object_str": "sobre nosotros", "content": {"pk": 7, "path": "000100020002", "depth": 3, "numchild": 0, "translation_key": "6cefa2d2-e245-4150-8e73-68a2a4fb1730", "locale": 1, "latest_revision": 29, "live": true, "has_unpublished_changes": true, "first_published_at": "2024-05-03T14:58:23.764Z", "last_published_at": "2024-05-03T15:02:49.241Z", "live_revision": 18, "go_live_at": null, "expire_at": null, "expired": false, "locked": false, "locked_at": null, "locked_by": null, "title": "sobre nosotros", "draft_title": "sobre nosotros", "slug": "nosotros", "content_type": 52, "url_path": "/inicio/nosotros/", "owner": 1, "seo_title": "", "show_in_menus": true, "search_description": "", "latest_revision_created_at": "2024-05-10T09:36:46.988Z", "alias_of": null, "body": "<p data-block-key=\"a9rfu\"></p><embed embedtype=\"image\" format=\"right\" id=\"1\" alt=\"DElogo\"/><h2 data-block-key=\"fbcq4\">DAM es una Empresa de Servicios Informáticos situada en Tauste.</h2><p data-block-key=\"dnb48\">Tenemos una amplia experiencia de más 18 años en el sector informático ofreciendo a nuestros clientes un trato personal, profesional, y a su vez dando soluciones de una forma rápida y efectiva. Damos soporte técnico presencial y remoto, agilizando y acortando de este modo el tiempo de espera que ralentiza su negocio. Le asesoramos en la compra, reparación o reposición de los componentes informáticos que necesite. Desde un primer momento podrá contar con toda nuestra experiencia en asesoramiento sobre las soluciones a sus problemas informáticos, además de aconsejarle en mejorar su productividad a través de la tecnología más actual y adecuada a cada necesidad. Somos una empresa seria que mira por el bien de sus clientes, lo que nos permite decir, después de una dilatada experiencia, que somos una empresa en constante evolución y que gracias a eso seguimos funcionando con la misma fuerza y filosofía que al principio de nuestros tiempos. Conozca cómo podemos ayudarle en su día a día tecnológico. No se preocupe, seguro que tenemos un plan de soporte adecuado para usted.</p>", "wagtail_admin_comments": []}, "approved_go_live_at": null}}, {"model": "wagtailcore.revision", "pk": 31, "fields": {"content_type": 50, "base_content_type": 1, "object_id": "8", "created_at": "2024-05-10T11:50:03.115Z", "user": 1, "object_str": "servicios", "content": {"pk": 8, "path": "000100020003", "depth": 3, "numchild": 2, "translation_key": "4deebec8-2160-4d8c-a357-b15b8d98c19d", "locale": 1, "latest_revision": 22, "live": true, "has_unpublished_changes": false, "first_published_at": "2024-05-06T07:41:51.179Z", "last_published_at": "2024-05-08T08:12:31.842Z", "live_revision": 22, "go_live_at": null, "expire_at": null, "expired": false, "locked": false, "locked_at": null, "locked_by": null, "title": "servicio", "draft_title": "servicio", "slug": "servicio", "content_type": 50, "url_path": "/inicio/servicio/", "owner": 1, "seo_title": "", "show_in_menus": false, "search_description": "", "latest_revision_created_at": "2024-05-08T08:12:31.739Z", "alias_of": null, "tittle": "servicios", "body": "<h2 data-block-key=\"vbi54\"><b>En DAM Somos Profesionales Del Asesoramiento Y Ejecución De La Mejor Solución Técnica Para Su Negocio.</b></h2><p data-block-key=\"6t4b\">Realizamos todo tipo de instalaciones, desde un simple puesto, a toda la red informatizada de su empresa. Resolvemos incidencias informáticas y, gracias a nuestros planes de mantenimiento, podrás disfrutar de un soporte realmente eficaz en el menor tiempo posible. Damos soporte presencial y remoto desde nuestras oficinas situadas en Tauste (Zaragoza), para que cualquier incidencia sea resuelta rápidamente, evitando así pérdidas por no actividad en nuestros clientes. Nos adaptamos sus necesidades ofertando un gran abanico de herramientas, escalando sus requerimientos cuando evolucionen. Le ofrecemos presupuestos personalizados para el mantenimiento informático de su empresa, o simplemente puede disponer de servicio técnico presencial cuando lo necesite contactando con nosotros.</p>", "servicioList": "[{\"type\": \"servicio\", \"value\": 10, \"id\": \"9b2b1978-cc60-46eb-86a1-dfc770e9e554\"}, {\"type\": \"servicio\", \"value\": 11, \"id\": \"0fde8318-b2c0-419c-a585-313cc1280d3c\"}]", "wagtail_admin_comments": []}, "approved_go_live_at": null}}, {"model": "wagtailcore.revision", "pk": 32, "fields": {"content_type": 50, "base_content_type": 1, "object_id": "8", "created_at": "2024-05-10T11:50:16.841Z", "user": 1, "object_str": "servicios", "content": {"pk": 8, "path": "000100020003", "depth": 3, "numchild": 2, "translation_key": "4deebec8-2160-4d8c-a357-b15b8d98c19d", "locale": 1, "latest_revision": 31, "live": true, "has_unpublished_changes": true, "first_published_at": "2024-05-06T07:41:51.179Z", "last_published_at": "2024-05-08T08:12:31.842Z", "live_revision": 22, "go_live_at": null, "expire_at": null, "expired": false, "locked": false, "locked_at": null, "locked_by": null, "title": "servicio", "draft_title": "servicio", "slug": "servicio", "content_type": 50, "url_path": "/inicio/servicio/", "owner": 1, "seo_title": "", "show_in_menus": false, "search_description": "", "latest_revision_created_at": "2024-05-10T11:50:03.115Z", "alias_of": null, "tittle": "servicios", "body": "<h2 data-block-key=\"vbi54\"><b>En DAM Somos Profesionales Del Asesoramiento Y Ejecución De La Mejor Solución Técnica Para Su Negocio.</b></h2><p data-block-key=\"6t4b\">Realizamos todo tipo de instalaciones, desde un simple puesto, a toda la red informatizada de su empresa. Resolvemos incidencias informáticas y, gracias a nuestros planes de mantenimiento, podrás disfrutar de un soporte realmente eficaz en el menor tiempo posible. Damos soporte presencial y remoto desde nuestras oficinas situadas en Tauste (Zaragoza), para que cualquier incidencia sea resuelta rápidamente, evitando así pérdidas por no actividad en nuestros clientes. Nos adaptamos sus necesidades ofertando un gran abanico de herramientas, escalando sus requerimientos cuando evolucionen. Le ofrecemos presupuestos personalizados para el mantenimiento informático de su empresa, o simplemente puede disponer de servicio técnico presencial cuando lo necesite contactando con nosotros.</p>", "servicioList": "[{\"type\": \"servicio\", \"value\": 10, \"id\": \"9b2b1978-cc60-46eb-86a1-dfc770e9e554\"}, {\"type\": \"servicio\", \"value\": 11, \"id\": \"0fde8318-b2c0-419c-a585-313cc1280d3c\"}]", "wagtail_admin_comments": []}, "approved_go_live_at": null}}, {"model": "wagtailcore.revision", "pk": 33, "fields": {"content_type": 45, "base_content_type": 1, "object_id": "5", "created_at": "2024-05-20T09:59:29.137Z", "user": 1, "object_str": "inicio", "content": {"pk": 5, "path": "00010002", "depth": 2, "numchild": 3, "translation_key": "3eebe354-c9b7-44a8-8bb1-b122818c1d03", "locale": 1, "latest_revision": 12, "live": true, "has_unpublished_changes": false, "first_published_at": "2024-05-03T14:45:43.732Z", "last_published_at": "2024-05-03T14:50:35.688Z", "live_revision": 12, "go_live_at": null, "expire_at": null, "expired": false, "locked": false, "locked_at": null, "locked_by": null, "title": "inicio", "draft_title": "inicio", "slug": "inicio", "content_type": 45, "url_path": "/inicio/", "owner": 1, "seo_title": "", "show_in_menus": false, "search_description": "", "latest_revision_created_at": "2024-05-03T14:50:35.619Z", "alias_of": null, "carouselImages": "[{\"type\": \"carouselImage\", \"value\": 2, \"id\": \"dfbb4e09-2c55-434a-b2d5-dee4ec0a0e59\"}, {\"type\": \"carouselImage\", \"value\": 3, \"id\": \"7ada8382-6ced-4d3f-bcf3-a12927198efa\"}, {\"type\": \"carouselImage\", \"value\": 1, \"id\": \"1b56c542-80e8-40d2-b295-0d881c3cbac0\"}]", "servicios": "[]", "wagtail_admin_comments": []}, "approved_go_live_at": null}}, {"model": "wagtailcore.revision", "pk": 34, "fields": {"content_type": 45, "base_content_type": 1, "object_id": "5", "created_at": "2024-05-20T10:00:20.428Z", "user": 1, "object_str": "inicio", "content": {"pk": 5, "path": "00010002", "depth": 2, "numchild": 3, "translation_key": "3eebe354-c9b7-44a8-8bb1-b122818c1d03", "locale": 1, "latest_revision": 33, "live": true, "has_unpublished_changes": true, "first_published_at": "2024-05-03T14:45:43.732Z", "last_published_at": "2024-05-03T14:50:35.688Z", "live_revision": 12, "go_live_at": null, "expire_at": null, "expired": false, "locked": false, "locked_at": null, "locked_by": null, "title": "inicio", "draft_title": "inicio", "slug": "inicio", "content_type": 45, "url_path": "/inicio/", "owner": 1, "seo_title": "", "show_in_menus": false, "search_description": "", "latest_revision_created_at": "2024-05-20T09:59:29.137Z", "alias_of": null, "carouselImages": "[{\"type\": \"carouselImage\", \"value\": 3, \"id\": \"7ada8382-6ced-4d3f-bcf3-a12927198efa\"}, {\"type\": \"carouselImage\", \"value\": 1, \"id\": \"1b56c542-80e8-40d2-b295-0d881c3cbac0\"}]", "servicios": "[]", "wagtail_admin_comments": []}, "approved_go_live_at": null}}, {"model": "wagtailcore.revision", "pk": 35, "fields": {"content_type": 49, "base_content_type": 1, "object_id": "10", "created_at": "2024-05-27T07:11:57.978Z", "user": 1, "object_str": "informatica", "content": {"pk": 10, "path": "0001000200030001", "depth": 4, "numchild": 0, "translation_key": "ab32d88e-4b7a-4ae5-96b9-514694b4a474", "locale": 1, "latest_revision": 26, "live": true, "has_unpublished_changes": false, "first_published_at": "2024-05-08T09:47:51.648Z", "last_published_at": "2024-05-08T09:47:51.648Z", "live_revision": 26, "go_live_at": null, "expire_at": null, "expired": false, "locked": false, "locked_at": null, "locked_by": null, "title": "informatica", "draft_title": "informatica", "slug": "servicio-informatica", "content_type": 49, "url_path": "/inicio/servicio/informatica/", "owner": 1, "seo_title": "", "show_in_menus": false, "search_description": "", "latest_revision_created_at": "2024-05-08T09:47:51.465Z", "alias_of": null, "tittle": "informatica", "body": "<h4 data-block-key=\"5kzqu\">informatica</h4><p data-block-key=\"4k4cu\"></p>", "subapartadoslist": "[]", "wagtail_admin_comments": []}, "approved_go_live_at": null}}, {"model": "wagtailcore.revision", "pk": 36, "fields": {"content_type": 49, "base_content_type": 1, "object_id": "10", "created_at": "2024-05-27T07:15:46.311Z", "user": 1, "object_str": "informatica", "content": {"pk": 10, "path": "0001000200030001", "depth": 4, "numchild": 0, "translation_key": "ab32d88e-4b7a-4ae5-96b9-514694b4a474", "locale": 1, "latest_revision": 35, "live": true, "has_unpublished_changes": false, "first_published_at": "2024-05-08T09:47:51.648Z", "last_published_at": "2024-05-27T07:11:58.081Z", "live_revision": 35, "go_live_at": null, "expire_at": null, "expired": false, "locked": false, "locked_at": null, "locked_by": null, "title": "informatica", "draft_title": "informatica", "slug": "servicio-informatica", "content_type": 49, "url_path": "/inicio/servicio/servicio-informatica/", "owner": 1, "seo_title": "", "show_in_menus": false, "search_description": "", "latest_revision_created_at": "2024-05-27T07:11:57.978Z", "alias_of": null, "tittle": "informatica", "body": "<h4 data-block-key=\"5kzqu\">informatica</h4><p data-block-key=\"4k4cu\"></p>", "subapartadoslist": "[]", "wagtail_admin_comments": []}, "approved_go_live_at": null}}, {"model": "wagtailcore.revision", "pk": 37, "fields": {"content_type": 49, "base_content_type": 1, "object_id": "12", "created_at": "2024-05-27T07:17:16.873Z", "user": 1, "object_str": "servicio-telefonia", "content": {"pk": 12, "path": "0001000200030003", "depth": 4, "numchild": 0, "translation_key": "760b4047-44ed-4e72-9d20-a3789d3ab51d", "locale": 1, "latest_revision": null, "live": true, "has_unpublished_changes": false, "first_published_at": null, "last_published_at": null, "live_revision": null, "go_live_at": null, "expire_at": null, "expired": false, "locked": false, "locked_at": null, "locked_by": null, "title": "servicio-telefonía", "draft_title": "servicio-telefonía", "slug": "servicio-telefonia", "content_type": 49, "url_path": "/inicio/servicio/servicio-telefonia/", "owner": 1, "seo_title": "", "show_in_menus": false, "search_description": "", "latest_revision_created_at": null, "alias_of": null, "tittle": "servicio-telefonia", "body": "", "subapartadoslist": "[]", "wagtail_admin_comments": []}, "approved_go_live_at": null}}, {"model": "wagtailcore.revision", "pk": 38, "fields": {"content_type": 49, "base_content_type": 1, "object_id": "12", "created_at": "2024-05-29T07:33:12.332Z", "user": 1, "object_str": "servicio-telefonia", "content": {"pk": 12, "path": "0001000200030003", "depth": 4, "numchild": 0, "translation_key": "760b4047-44ed-4e72-9d20-a3789d3ab51d", "locale": 1, "latest_revision": 37, "live": true, "has_unpublished_changes": false, "first_published_at": "2024-05-27T07:17:16.949Z", "last_published_at": "2024-05-27T07:17:16.949Z", "live_revision": 37, "go_live_at": null, "expire_at": null, "expired": false, "locked": false, "locked_at": null, "locked_by": null, "title": "servicio-telefonía", "draft_title": "servicio-telefonía", "slug": "servicio-telefonia", "content_type": 49, "url_path": "/inicio/servicio/servicio-telefonia/", "owner": 1, "seo_title": "", "show_in_menus": true, "search_description": "", "latest_revision_created_at": "2024-05-27T07:17:16.873Z", "alias_of": null, "tittle": "servicio-telefonia", "body": "", "subapartadoslist": "[]", "wagtail_admin_comments": []}, "approved_go_live_at": null}}, {"model": "wagtailcore.revision", "pk": 39, "fields": {"content_type": 49, "base_content_type": 1, "object_id": "12", "created_at": "2024-05-29T07:39:41.933Z", "user": 1, "object_str": "servicio-telefonia", "content": {"pk": 12, "path": "0001000200030003", "depth": 4, "numchild": 0, "translation_key": "760b4047-44ed-4e72-9d20-a3789d3ab51d", "locale": 1, "latest_revision": 38, "live": true, "has_unpublished_changes": true, "first_published_at": "2024-05-27T07:17:16.949Z", "last_published_at": "2024-05-27T07:17:16.949Z", "live_revision": 37, "go_live_at": null, "expire_at": null, "expired": false, "locked": false, "locked_at": null, "locked_by": null, "title": "servicio-telefonía", "draft_title": "servicio-telefonía", "slug": "servicio-telefonia", "content_type": 49, "url_path": "/inicio/servicio/servicio-telefonia/", "owner": 1, "seo_title": "", "show_in_menus": true, "search_description": "", "latest_revision_created_at": "2024-05-29T07:33:12.332Z", "alias_of": null, "tittle": "servicio-telefonia", "body": "<p data-block-key=\"976lu\"></p><embed embedtype=\"image\" format=\"left\" id=\"4\" alt=\"\"/><p data-block-key=\"av6g0\"> </p><ul><li data-block-key=\"ub8a\">Si tienes la necesidad de mejorar la calidad de tu servicio de Internet o de tus líneas fijas y móviles.</li><li data-block-key=\"1j1ha\">Si necesitas contratar nuevos servicios de fibra óptica o teléfonos móviles nuevos.</li><li data-block-key=\"4gjsk\">Si crees que estás pagando más de lo que deberías por tus telecomunicaciones.</li><li data-block-key=\"flmvn\">Si quieres cambiar de compañía teleoperadora pero no sabes ni por dónde empezar.</li></ul><p data-block-key=\"266vt\">/</p><p data-block-key=\"aenso\"></p>", "subapartadoslist": "[]", "wagtail_admin_comments": []}, "approved_go_live_at": null}}, {"model": "wagtailcore.revision", "pk": 40, "fields": {"content_type": 49, "base_content_type": 1, "object_id": "12", "created_at": "2024-05-29T07:40:15.308Z", "user": 1, "object_str": "servicio-telefonia", "content": {"pk": 12, "path": "0001000200030003", "depth": 4, "numchild": 0, "translation_key": "760b4047-44ed-4e72-9d20-a3789d3ab51d", "locale": 1, "latest_revision": 39, "live": true, "has_unpublished_changes": true, "first_published_at": "2024-05-27T07:17:16.949Z", "last_published_at": "2024-05-27T07:17:16.949Z", "live_revision": 37, "go_live_at": null, "expire_at": null, "expired": false, "locked": false, "locked_at": null, "locked_by": null, "title": "servicio-telefonía", "draft_title": "servicio-telefonía", "slug": "servicio-telefonia", "content_type": 49, "url_path": "/inicio/servicio/servicio-telefonia/", "owner": 1, "seo_title": "", "show_in_menus": true, "search_description": "", "latest_revision_created_at": "2024-05-29T07:39:41.933Z", "alias_of": null, "tittle": "servicio-telefonia", "body": "<p data-block-key=\"976lu\"></p><embed embedtype=\"image\" format=\"left\" id=\"4\" alt=\"\"/><p data-block-key=\"av6g0\"></p><ul><li data-block-key=\"ub8a\">Si tienes la necesidad de mejorar la calidad de tu servicio de Internet o de tus líneas fijas y móviles.</li><li data-block-key=\"1j1ha\">Si necesitas contratar nuevos servicios de fibra óptica o teléfonos móviles nuevos.</li><li data-block-key=\"4gjsk\">Si crees que estás pagando más de lo que deberías por tus telecomunicaciones.</li><li data-block-key=\"flmvn\">Si quieres cambiar de compañía teleoperadora pero no sabes ni por dónde empezar.</li></ul><p data-block-key=\"266vt\">/</p><p data-block-key=\"aenso\"></p>", "subapartadoslist": "[]", "wagtail_admin_comments": []}, "approved_go_live_at": null}}, {"model": "wagtailcore.revision", "pk": 41, "fields": {"content_type": 49, "base_content_type": 1, "object_id": "12", "created_at": "2024-05-29T07:57:00.590Z", "user": 1, "object_str": "servicio-telefonia", "content": {"pk": 12, "path": "0001000200030003", "depth": 4, "numchild": 0, "translation_key": "760b4047-44ed-4e72-9d20-a3789d3ab51d", "locale": 1, "latest_revision": 40, "live": true, "has_unpublished_changes": false, "first_published_at": "2024-05-27T07:17:16.949Z", "last_published_at": "2024-05-29T07:40:15.385Z", "live_revision": 40, "go_live_at": null, "expire_at": null, "expired": false, "locked": false, "locked_at": null, "locked_by": null, "title": "servicio-telefonía", "draft_title": "servicio-telefonía", "slug": "servicio-telefonia", "content_type": 49, "url_path": "/inicio/servicio/servicio-telefonia/", "owner": 1, "seo_title": "", "show_in_menus": true, "search_description": "", "latest_revision_created_at": "2024-05-29T07:40:15.308Z", "alias_of": null, "tittle": "servicio-telefonia", "body": "<p data-block-key=\"976lu\"></p><embed embedtype=\"image\" format=\"left\" id=\"4\" alt=\"\"/><p data-block-key=\"av6g0\"></p><ul><li data-block-key=\"ub8a\">Si tienes la necesidad de mejorar la calidad de tu servicio de Internet o de tus líneas fijas y móviles.</li><li data-block-key=\"1j1ha\">Si necesitas contratar nuevos servicios de fibra óptica o teléfonos móviles nuevos.</li><li data-block-key=\"4gjsk\">Si crees que estás pagando más de lo que deberías por tus telecomunicaciones.</li><li data-block-key=\"flmvn\">Si quieres cambiar de compañía teleoperadora pero no sabes ni por dónde empezar.</li></ul><p data-block-key=\"266vt\">/</p><p data-block-key=\"aenso\"> </p><h3 data-block-key=\"1kbu4\"><b>Para todos estos casos, Grupo Dovesal pone a disposición de sus clientes el nuevo servicio de consultoría en Internet y telefonía móvil.</b></h3><p data-block-key=\"9cick\">Con este servicio, ponemos a vuestra disposición un profundo análisis y asesoramiento para el ahorro de costes en los servicios de telecomunicaciones, encargándonos también de todas las tramitaciones para la portabilidad de los números fijos y móviles a la compañía más adecuada en cada momento.</p><p data-block-key=\"lk77\">Nuestros expertos asesores te ayudarán a buscar la mejor oferta entre todos los teleoperadores del mercado, teniendo en cuenta tanto el precio, como las características técnicas de cada oferta.</p><p data-block-key=\"58kdp\">El servicio de consultoría es gratuito, no tiene coste ni para particulares ni para empresas. Realizamos una comparativa de las mejores tarifas de Internet y móvil, así como las mejores características técnicas de dichas ofertas, con el fin de poder ofrecerte la propuesta más adecuada para ti y para tu empresa.</p><p data-block-key=\"ctfu1\">Nosotros nos encargamos de todo. Desde el asesoramiento hasta la portabilidad, incluyendo las posibles reclamaciones posteriores por servicios que no se están dando correctamente o por facturas que se están cobrando de más.</p><h3 data-block-key=\"9ars4\"><b>¿POR QUÉ CONTRATAR CON GRUPO DOVESAL TUS SERVICIOS DE TELECOMUNICACIONES?</b></h3><ul><li data-block-key=\"a1835\">Tenemos un equipo que atiende personalmente a todos los clientes, tanto para sus clientes empresas como para los domicilios particulares (sea para teletrabajo o no).</li><li data-block-key=\"4gc82\">Ofrecemos asesoramiento comercial para obtener la mejor oferta del mercado.</li><li data-block-key=\"f6vui\">Realizamos el asesoramiento para reclamaciones, gestiones y/o modificaciones de los contratos.</li><li data-block-key=\"9k3aq\">Trabajamos con todos los operadores y, entre todas las posibilidades, buscamos la propuesta con los servicios y precios más adecuados para tus necesidades.</li><li data-block-key=\"d4h9r\">Al contratar con  Grupo Dovesal  las telecomunicaciones, nos encargamos de gestionar el alta o portabilidad de las líneas y servicios, así como las modificaciones posteriores, si hubiese que hacerlas.</li><li data-block-key=\"a51vr\">Realizamos el cambio de operador al completo, asesorando al cliente en todo el proceso y monitorizando en todo momento el estado de la portabilidad o cambio, evitando así los tan habituales errores por parte de las compañías telefónicas.</li><li data-block-key=\"4n964\">Ofrecemos un asesoramiento ante las reclamación de facturas, las incidencias, permanencias impuestas sin justificación y cualquier tipo de error, bastante común en los operadores y que suelen traer quebraderos de cabeza a los clientes, que muchas veces dejan por imposibles, sin saber las consecuencias de no llevar hasta el final dichas reclamaciones. Nuestros clientes deben dedicar su tiempo a conseguir la mayor rentabilidad en su negocio y no a pelearse con un operador.</li><li data-block-key=\"m9gp\">Por supuesto, tal y como está el mundo de las telecomunicaciones, que se mueve por ofertas temporales, sobre todo anuales, nos ocupamos de recordar a los clientes que su oferta va a concluir en breve y que debemos gestionar la renovación o el cambio de operador.</li><li data-block-key=\"3cd5c\">Realizamos la configuración de los equipos y la red de trabajo en las empresas y los domicilios, y lo hacemos en el mismo momento que se haya realizado la instalación. Nuestros propios técnicos informáticos acuden a supervisar la instalación por parte de los instaladores de las operadoras (solo en el caso de empresas). De esta manera, revisamos los habituales errores en las instalaciones o traslados de líneas, debido al paupérrimo sistema de contratas que rige dicho mercado.</li></ul><p data-block-key=\"6tg2m\">Si deseas asesoramiento para obtener la mejor oferta de servicios de telecomunicaciones del mercado.</p><p data-block-key=\"bpr3d\">Como agentes autorizados de la mayoría de los proveedores de servicios de telecomunicaciones, en Grupo Dovesal estamos en una inmejorable disposición para ayudar a nuestros clientes a resolver el jeroglífico de opciones de servicios de voz y datos que podemos encontrar en el mercado de telecomunicaciones.</p><p data-block-key=\"8ud84\">Actuamos como consultores en el proceso de selección de operador, analizamos los servicios y tarifas de facturación existentes según el uso que le vayan a dar cada cliente,  realizamos el análisis pormenorizado de todas y cada una de las  líneas, gestionamos la desconexión o portabilidad del servicio existente, realizamos una revisión posterior a la instalación y una revisión anual de la facturación, y proporcionamos mantenimiento de la cuenta.</p><p data-block-key=\"55hl8\">Nuestros servicios de consultoría en telecomunicaciones también pueden ahorrar muchas horas de investigación y de gestión a nuestros clientes y, sobre todo, muchos quebraderos de cabeza. Por no hablar de que cada comercial de cada una de las operadoras telefónicas le va a intentar vender su oferta, defendiéndola a toda costa por encima de las otras, aunque no sea la más adecuada para el domicilio o el negocio de nuestro cliente.</p><h3 data-block-key=\"9pncg\"><b>Podemos obtener un ahorro para nuestros clientes que puede alcanzar hasta el 50% de la facturación actual de telefonía e Internet.</b></h3><p data-block-key=\"60p7t\">La tecnología cambia casi a diario, lo que hace difícil saber si siempre se obtiene la mejor relación entre la calidad y el precio. Nuestros servicios de consultoría en estrategia de telecomunicaciones aseguran que nuestros clientes disfrutarán de la máxima reducción de costes en telecomunicaciones, a menudo con servicios o características mejoradas.</p><h3 data-block-key=\"9400q\"><b>Consúltanos sin compromiso</b></h3><p data-block-key=\"49soj\"></p>", "subapartadoslist": "[]", "wagtail_admin_comments": []}, "approved_go_live_at": null}}, {"model": "wagtailcore.grouppagepermission", "pk": 1, "fields": {"group": 1, "page": 1, "permission": 33}}, {"model": "wagtailcore.grouppagepermission", "pk": 2, "fields": {"group": 1, "page": 1, "permission": 34}}, {"model": "wagtailcore.grouppagepermission", "pk": 3, "fields": {"group": 1, "page": 1, "permission": 39}}, {"model": "wagtailcore.grouppagepermission", "pk": 4, "fields": {"group": 2, "page": 1, "permission": 33}}, {"model": "wagtailcore.grouppagepermission", "pk": 5, "fields": {"group": 2, "page": 1, "permission": 34}}, {"model": "wagtailcore.grouppagepermission", "pk": 6, "fields": {"group": 1, "page": 1, "permission": 38}}, {"model": "wagtailcore.grouppagepermission", "pk": 7, "fields": {"group": 1, "page": 1, "permission": 40}}, {"model": "wagtailcore.workflowpage", "pk": 1, "fields": {"workflow": 1}}, {"model": "wagtailcore.workflowtask", "pk": 1, "fields": {"sort_order": 0, "workflow": 1, "task": 1}}, {"model": "wagtailcore.task", "pk": 1, "fields": {"name": "Moderators approval", "content_type": 3, "active": true}}, {"model": "wagtailcore.workflow", "pk": 1, "fields": {"name": "Moderators approval", "active": true}}, {"model": "wagtailcore.groupapprovaltask", "pk": 1, "fields": {"groups": [1]}}, {"model": "wagtailcore.pagelogentry", "pk": 1, "fields": {"content_type": 45, "label": "incio", "action": "wagtail.create", "data": {}, "timestamp": "2024-05-03T14:37:26.905Z", "uuid": "586417d0-84c9-46fb-bf81-7f2f3e51e6ac", "user": 1, "revision": null, "content_changed": true, "deleted": false, "page": 3}}, {"model": "wagtailcore.pagelogentry", "pk": 2, "fields": {"content_type": 45, "label": "incio", "action": "wagtail.edit", "data": {}, "timestamp": "2024-05-03T14:37:26.975Z", "uuid": "586417d0-84c9-46fb-bf81-7f2f3e51e6ac", "user": 1, "revision": 1, "content_changed": true, "deleted": false, "page": 3}}, {"model": "wagtailcore.pagelogentry", "pk": 3, "fields": {"content_type": 45, "label": "incio", "action": "wagtail.publish", "data": {}, "timestamp": "2024-05-03T14:37:27.082Z", "uuid": "586417d0-84c9-46fb-bf81-7f2f3e51e6ac", "user": 1, "revision": 1, "content_changed": true, "deleted": false, "page": 3}}, {"model": "wagtailcore.pagelogentry", "pk": 4, "fields": {"content_type": 45, "label": "incio", "action": "wagtail.edit", "data": {}, "timestamp": "2024-05-03T14:37:45.369Z", "uuid": "dc6d4f88-b482-48c4-aa1a-9cda8df56d44", "user": 1, "revision": 2, "content_changed": true, "deleted": false, "page": 3}}, {"model": "wagtailcore.pagelogentry", "pk": 5, "fields": {"content_type": 45, "label": "incio", "action": "wagtail.edit", "data": {}, "timestamp": "2024-05-03T14:37:51.708Z", "uuid": "33d0adec-7d49-4d6a-9dc7-6ef051ca5371", "user": 1, "revision": 3, "content_changed": true, "deleted": false, "page": 3}}, {"model": "wagtailcore.pagelogentry", "pk": 6, "fields": {"content_type": 45, "label": "incio", "action": "wagtail.publish", "data": {}, "timestamp": "2024-05-03T14:37:51.807Z", "uuid": "33d0adec-7d49-4d6a-9dc7-6ef051ca5371", "user": 1, "revision": 3, "content_changed": false, "deleted": false, "page": 3}}, {"model": "wagtailcore.pagelogentry", "pk": 7, "fields": {"content_type": 45, "label": "incio", "action": "wagtail.delete", "data": {}, "timestamp": "2024-05-03T14:38:16.042Z", "uuid": "bc9f26d1-2ab2-4897-b591-fccc53a1f50f", "user": 1, "revision": null, "content_changed": false, "deleted": true, "page": 3}}, {"model": "wagtailcore.pagelogentry", "pk": 8, "fields": {"content_type": 27, "label": "inicio", "action": "wagtail.create", "data": {}, "timestamp": "2024-05-03T14:39:21.864Z", "uuid": "28361e3c-b8ff-4187-b144-6d01b1fdd646", "user": 1, "revision": null, "content_changed": true, "deleted": false, "page": 4}}, {"model": "wagtailcore.pagelogentry", "pk": 9, "fields": {"content_type": 27, "label": "inicio", "action": "wagtail.edit", "data": {}, "timestamp": "2024-05-03T14:39:21.990Z", "uuid": "28361e3c-b8ff-4187-b144-6d01b1fdd646", "user": 1, "revision": 4, "content_changed": true, "deleted": false, "page": 4}}, {"model": "wagtailcore.pagelogentry", "pk": 10, "fields": {"content_type": 27, "label": "inicio", "action": "wagtail.edit", "data": {}, "timestamp": "2024-05-03T14:39:40.867Z", "uuid": "d5010d0f-6ae2-4f58-bb41-6b6af71e6e2b", "user": 1, "revision": 5, "content_changed": true, "deleted": false, "page": 4}}, {"model": "wagtailcore.pagelogentry", "pk": 11, "fields": {"content_type": 27, "label": "inicio", "action": "wagtail.publish", "data": {}, "timestamp": "2024-05-03T14:39:41.414Z", "uuid": "d5010d0f-6ae2-4f58-bb41-6b6af71e6e2b", "user": 1, "revision": 5, "content_changed": false, "deleted": false, "page": 4}}, {"model": "wagtailcore.pagelogentry", "pk": 12, "fields": {"content_type": 27, "label": "inicio", "action": "wagtail.edit", "data": {}, "timestamp": "2024-05-03T14:40:06.272Z", "uuid": "0d8ed47a-651d-4615-b2b2-4a5cd168cd8e", "user": 1, "revision": 6, "content_changed": true, "deleted": false, "page": 4}}, {"model": "wagtailcore.pagelogentry", "pk": 13, "fields": {"content_type": 27, "label": "inicio", "action": "wagtail.publish", "data": {}, "timestamp": "2024-05-03T14:40:06.387Z", "uuid": "0d8ed47a-651d-4615-b2b2-4a5cd168cd8e", "user": 1, "revision": 6, "content_changed": true, "deleted": false, "page": 4}}, {"model": "wagtailcore.pagelogentry", "pk": 14, "fields": {"content_type": 27, "label": "inicio", "action": "wagtail.edit", "data": {}, "timestamp": "2024-05-03T14:41:52.996Z", "uuid": "7d001076-9cf9-4877-ad08-ebcdcd490c8d", "user": 1, "revision": 7, "content_changed": true, "deleted": false, "page": 4}}, {"model": "wagtailcore.pagelogentry", "pk": 15, "fields": {"content_type": 27, "label": "inicio", "action": "wagtail.publish", "data": {}, "timestamp": "2024-05-03T14:41:53.113Z", "uuid": "7d001076-9cf9-4877-ad08-ebcdcd490c8d", "user": 1, "revision": 7, "content_changed": true, "deleted": false, "page": 4}}, {"model": "wagtailcore.pagelogentry", "pk": 16, "fields": {"content_type": 27, "label": "inicio", "action": "wagtail.delete", "data": {}, "timestamp": "2024-05-03T14:44:58.083Z", "uuid": "c40128ff-8cfe-4080-9212-304f627acc9d", "user": 1, "revision": null, "content_changed": false, "deleted": true, "page": 4}}, {"model": "wagtailcore.pagelogentry", "pk": 17, "fields": {"content_type": 45, "label": "inicio", "action": "wagtail.create", "data": {}, "timestamp": "2024-05-03T14:45:43.637Z", "uuid": "1841d2fa-a962-40c6-aae3-53d6a188a774", "user": 1, "revision": null, "content_changed": true, "deleted": false, "page": 5}}, {"model": "wagtailcore.pagelogentry", "pk": 18, "fields": {"content_type": 45, "label": "inicio", "action": "wagtail.edit", "data": {}, "timestamp": "2024-05-03T14:45:43.700Z", "uuid": "1841d2fa-a962-40c6-aae3-53d6a188a774", "user": 1, "revision": 8, "content_changed": true, "deleted": false, "page": 5}}, {"model": "wagtailcore.pagelogentry", "pk": 19, "fields": {"content_type": 45, "label": "inicio", "action": "wagtail.publish", "data": {}, "timestamp": "2024-05-03T14:45:43.794Z", "uuid": "1841d2fa-a962-40c6-aae3-53d6a188a774", "user": 1, "revision": 8, "content_changed": true, "deleted": false, "page": 5}}, {"model": "wagtailcore.pagelogentry", "pk": 20, "fields": {"content_type": 45, "label": "inicio", "action": "wagtail.edit", "data": {}, "timestamp": "2024-05-03T14:45:55.066Z", "uuid": "8a845b93-78b9-410d-897c-1d34fb7bbeb6", "user": 1, "revision": 9, "content_changed": true, "deleted": false, "page": 5}}, {"model": "wagtailcore.pagelogentry", "pk": 21, "fields": {"content_type": 45, "label": "inicio", "action": "wagtail.edit", "data": {}, "timestamp": "2024-05-03T14:46:00.436Z", "uuid": "1761fd9d-782f-41ce-8666-44343a4460a6", "user": 1, "revision": 10, "content_changed": true, "deleted": false, "page": 5}}, {"model": "wagtailcore.pagelogentry", "pk": 22, "fields": {"content_type": 45, "label": "inicio", "action": "wagtail.publish", "data": {}, "timestamp": "2024-05-03T14:46:00.503Z", "uuid": "1761fd9d-782f-41ce-8666-44343a4460a6", "user": 1, "revision": 10, "content_changed": false, "deleted": false, "page": 5}}, {"model": "wagtailcore.pagelogentry", "pk": 23, "fields": {"content_type": 45, "label": "inicio", "action": "wagtail.edit", "data": {}, "timestamp": "2024-05-03T14:50:31.433Z", "uuid": "d2bdef4b-8d1c-4b21-a9be-45f37fb17701", "user": 1, "revision": 11, "content_changed": true, "deleted": false, "page": 5}}, {"model": "wagtailcore.pagelogentry", "pk": 24, "fields": {"content_type": 45, "label": "inicio", "action": "wagtail.edit", "data": {}, "timestamp": "2024-05-03T14:50:35.652Z", "uuid": "3088d378-fd95-4d4a-b180-4ad7521db172", "user": 1, "revision": 12, "content_changed": true, "deleted": false, "page": 5}}, {"model": "wagtailcore.pagelogentry", "pk": 25, "fields": {"content_type": 45, "label": "inicio", "action": "wagtail.publish", "data": {}, "timestamp": "2024-05-03T14:50:35.754Z", "uuid": "3088d378-fd95-4d4a-b180-4ad7521db172", "user": 1, "revision": 12, "content_changed": false, "deleted": false, "page": 5}}, {"model": "wagtailcore.pagelogentry", "pk": 26, "fields": {"content_type": 46, "label": "contactarnos", "action": "wagtail.create", "data": {}, "timestamp": "2024-05-03T14:55:35.719Z", "uuid": "89c9db9e-4d3d-4e14-9787-126affe9bbe3", "user": 1, "revision": null, "content_changed": true, "deleted": false, "page": 6}}, {"model": "wagtailcore.pagelogentry", "pk": 27, "fields": {"content_type": 46, "label": "contactarnos", "action": "wagtail.edit", "data": {}, "timestamp": "2024-05-03T14:55:35.782Z", "uuid": "89c9db9e-4d3d-4e14-9787-126affe9bbe3", "user": 1, "revision": 13, "content_changed": true, "deleted": false, "page": 6}}, {"model": "wagtailcore.pagelogentry", "pk": 28, "fields": {"content_type": 46, "label": "contactarnos", "action": "wagtail.edit", "data": {}, "timestamp": "2024-05-03T14:55:43.113Z", "uuid": "984cc2ac-7fc7-43a4-bd13-ab6e5ec14555", "user": 1, "revision": 14, "content_changed": true, "deleted": false, "page": 6}}, {"model": "wagtailcore.pagelogentry", "pk": 29, "fields": {"content_type": 46, "label": "contactarnos", "action": "wagtail.publish", "data": {}, "timestamp": "2024-05-03T14:55:43.220Z", "uuid": "984cc2ac-7fc7-43a4-bd13-ab6e5ec14555", "user": 1, "revision": 14, "content_changed": false, "deleted": false, "page": 6}}, {"model": "wagtailcore.pagelogentry", "pk": 30, "fields": {"content_type": 52, "label": "sobre nosotros", "action": "wagtail.create", "data": {}, "timestamp": "2024-05-03T14:58:16.975Z", "uuid": "e625399e-48ce-47d5-bf7d-e719f7caecb2", "user": 1, "revision": null, "content_changed": true, "deleted": false, "page": 7}}, {"model": "wagtailcore.pagelogentry", "pk": 31, "fields": {"content_type": 52, "label": "sobre nosotros", "action": "wagtail.edit", "data": {}, "timestamp": "2024-05-03T14:58:17.044Z", "uuid": "e625399e-48ce-47d5-bf7d-e719f7caecb2", "user": 1, "revision": 15, "content_changed": true, "deleted": false, "page": 7}}, {"model": "wagtailcore.pagelogentry", "pk": 32, "fields": {"content_type": 52, "label": "sobre nosotros", "action": "wagtail.edit", "data": {}, "timestamp": "2024-05-03T14:58:23.731Z", "uuid": "4bd61b4f-ae88-414b-afa2-5ac7aa7d7150", "user": 1, "revision": 16, "content_changed": true, "deleted": false, "page": 7}}, {"model": "wagtailcore.pagelogentry", "pk": 33, "fields": {"content_type": 52, "label": "sobre nosotros", "action": "wagtail.publish", "data": {}, "timestamp": "2024-05-03T14:58:23.841Z", "uuid": "4bd61b4f-ae88-414b-afa2-5ac7aa7d7150", "user": 1, "revision": 16, "content_changed": true, "deleted": false, "page": 7}}, {"model": "wagtailcore.pagelogentry", "pk": 34, "fields": {"content_type": 52, "label": "sobre nosotros", "action": "wagtail.edit", "data": {}, "timestamp": "2024-05-03T15:02:22.782Z", "uuid": "1be34227-41fe-434a-915d-96fd35fa0d4f", "user": 1, "revision": 17, "content_changed": true, "deleted": false, "page": 7}}, {"model": "wagtailcore.pagelogentry", "pk": 35, "fields": {"content_type": 52, "label": "sobre nosotros", "action": "wagtail.edit", "data": {}, "timestamp": "2024-05-03T15:02:49.211Z", "uuid": "43248744-d9cc-4fcf-b1f3-b64f3523d49d", "user": 1, "revision": 18, "content_changed": true, "deleted": false, "page": 7}}, {"model": "wagtailcore.pagelogentry", "pk": 36, "fields": {"content_type": 52, "label": "sobre nosotros", "action": "wagtail.publish", "data": {}, "timestamp": "2024-05-03T15:02:49.305Z", "uuid": "43248744-d9cc-4fcf-b1f3-b64f3523d49d", "user": 1, "revision": 18, "content_changed": false, "deleted": false, "page": 7}}, {"model": "wagtailcore.pagelogentry", "pk": 37, "fields": {"content_type": 50, "label": "servicio", "action": "wagtail.create", "data": {}, "timestamp": "2024-05-06T07:41:40.736Z", "uuid": "25e777c3-3bb0-48de-b121-45597e035c00", "user": 1, "revision": null, "content_changed": true, "deleted": false, "page": 8}}, {"model": "wagtailcore.pagelogentry", "pk": 38, "fields": {"content_type": 50, "label": "servicio", "action": "wagtail.edit", "data": {}, "timestamp": "2024-05-06T07:41:40.834Z", "uuid": "25e777c3-3bb0-48de-b121-45597e035c00", "user": 1, "revision": 19, "content_changed": true, "deleted": false, "page": 8}}, {"model": "wagtailcore.pagelogentry", "pk": 39, "fields": {"content_type": 50, "label": "servicio", "action": "wagtail.edit", "data": {}, "timestamp": "2024-05-06T07:41:51.154Z", "uuid": "e9951ab5-b4f6-42f2-abf0-e00b106db286", "user": 1, "revision": 20, "content_changed": true, "deleted": false, "page": 8}}, {"model": "wagtailcore.pagelogentry", "pk": 40, "fields": {"content_type": 50, "label": "servicio", "action": "wagtail.publish", "data": {}, "timestamp": "2024-05-06T07:41:51.232Z", "uuid": "e9951ab5-b4f6-42f2-abf0-e00b106db286", "user": 1, "revision": 20, "content_changed": true, "deleted": false, "page": 8}}, {"model": "wagtailcore.pagelogentry", "pk": 41, "fields": {"content_type": 50, "label": "servicio", "action": "wagtail.edit", "data": {}, "timestamp": "2024-05-06T07:58:29.258Z", "uuid": "af3d6678-3a7a-4047-b840-bbddd98547bd", "user": 1, "revision": 21, "content_changed": true, "deleted": false, "page": 8}}, {"model": "wagtailcore.pagelogentry", "pk": 42, "fields": {"content_type": 50, "label": "servicio", "action": "wagtail.edit", "data": {}, "timestamp": "2024-05-08T08:12:31.810Z", "uuid": "3f244779-3a40-4daf-93e4-2ccb1622a451", "user": 1, "revision": 22, "content_changed": true, "deleted": false, "page": 8}}, {"model": "wagtailcore.pagelogentry", "pk": 43, "fields": {"content_type": 50, "label": "servicio", "action": "wagtail.publish", "data": {}, "timestamp": "2024-05-08T08:12:31.902Z", "uuid": "3f244779-3a40-4daf-93e4-2ccb1622a451", "user": 1, "revision": 22, "content_changed": false, "deleted": false, "page": 8}}, {"model": "wagtailcore.pagelogentry", "pk": 44, "fields": {"content_type": 51, "label": "inicio", "action": "wagtail.create", "data": {}, "timestamp": "2024-05-08T09:11:38.552Z", "uuid": "6688be85-36a1-48bd-95e4-5e86ed8d02c2", "user": 1, "revision": null, "content_changed": true, "deleted": false, "page": 9}}, {"model": "wagtailcore.pagelogentry", "pk": 45, "fields": {"content_type": 51, "label": "inicio", "action": "wagtail.edit", "data": {}, "timestamp": "2024-05-08T09:11:38.624Z", "uuid": "6688be85-36a1-48bd-95e4-5e86ed8d02c2", "user": 1, "revision": 23, "content_changed": true, "deleted": false, "page": 9}}, {"model": "wagtailcore.pagelogentry", "pk": 46, "fields": {"content_type": 51, "label": "inicio", "action": "wagtail.edit", "data": {}, "timestamp": "2024-05-08T09:11:44.591Z", "uuid": "a06cc91e-4938-4a18-9ec4-03061ceacf61", "user": 1, "revision": 24, "content_changed": true, "deleted": false, "page": 9}}, {"model": "wagtailcore.pagelogentry", "pk": 47, "fields": {"content_type": 51, "label": "inicio", "action": "wagtail.publish", "data": {}, "timestamp": "2024-05-08T09:11:44.675Z", "uuid": "a06cc91e-4938-4a18-9ec4-03061ceacf61", "user": 1, "revision": 24, "content_changed": false, "deleted": false, "page": 9}}, {"model": "wagtailcore.pagelogentry", "pk": 48, "fields": {"content_type": 51, "label": "inicio", "action": "wagtail.delete", "data": {}, "timestamp": "2024-05-08T09:13:46.129Z", "uuid": "8c8a1499-09a4-46e5-90b0-83fbbdf608ed", "user": 1, "revision": null, "content_changed": false, "deleted": true, "page": 9}}, {"model": "wagtailcore.pagelogentry", "pk": 49, "fields": {"content_type": 49, "label": "informatica", "action": "wagtail.create", "data": {}, "timestamp": "2024-05-08T09:47:44.274Z", "uuid": "ee0187af-66fe-41db-a665-2c2506ec7c4b", "user": 1, "revision": null, "content_changed": true, "deleted": false, "page": 10}}, {"model": "wagtailcore.pagelogentry", "pk": 50, "fields": {"content_type": 49, "label": "informatica", "action": "wagtail.edit", "data": {}, "timestamp": "2024-05-08T09:47:44.395Z", "uuid": "ee0187af-66fe-41db-a665-2c2506ec7c4b", "user": 1, "revision": 25, "content_changed": true, "deleted": false, "page": 10}}, {"model": "wagtailcore.pagelogentry", "pk": 51, "fields": {"content_type": 49, "label": "informatica", "action": "wagtail.edit", "data": {}, "timestamp": "2024-05-08T09:47:51.587Z", "uuid": "92693489-31ee-4c11-896d-59ad764f51be", "user": 1, "revision": 26, "content_changed": true, "deleted": false, "page": 10}}, {"model": "wagtailcore.pagelogentry", "pk": 52, "fields": {"content_type": 49, "label": "informatica", "action": "wagtail.publish", "data": {}, "timestamp": "2024-05-08T09:47:51.717Z", "uuid": "92693489-31ee-4c11-896d-59ad764f51be", "user": 1, "revision": 26, "content_changed": false, "deleted": false, "page": 10}}, {"model": "wagtailcore.pagelogentry", "pk": 53, "fields": {"content_type": 49, "label": "Asesor Energético", "action": "wagtail.create", "data": {}, "timestamp": "2024-05-08T17:14:30.759Z", "uuid": "546519c0-55fd-44de-a132-1fc2c780eeed", "user": 1, "revision": null, "content_changed": true, "deleted": false, "page": 11}}, {"model": "wagtailcore.pagelogentry", "pk": 54, "fields": {"content_type": 49, "label": "Asesor Energético", "action": "wagtail.edit", "data": {}, "timestamp": "2024-05-08T17:14:30.838Z", "uuid": "546519c0-55fd-44de-a132-1fc2c780eeed", "user": 1, "revision": 27, "content_changed": true, "deleted": false, "page": 11}}, {"model": "wagtailcore.pagelogentry", "pk": 55, "fields": {"content_type": 49, "label": "Asesor Energético", "action": "wagtail.edit", "data": {}, "timestamp": "2024-05-08T17:14:56.954Z", "uuid": "4e3a1b30-c330-4db6-afef-4c5318404297", "user": 1, "revision": 28, "content_changed": true, "deleted": false, "page": 11}}, {"model": "wagtailcore.pagelogentry", "pk": 56, "fields": {"content_type": 49, "label": "Asesor Energético", "action": "wagtail.publish", "data": {}, "timestamp": "2024-05-08T17:14:57.064Z", "uuid": "4e3a1b30-c330-4db6-afef-4c5318404297", "user": 1, "revision": 28, "content_changed": true, "deleted": false, "page": 11}}, {"model": "wagtailcore.pagelogentry", "pk": 57, "fields": {"content_type": 52, "label": "sobre nosotros", "action": "wagtail.edit", "data": {}, "timestamp": "2024-05-10T09:36:47.074Z", "uuid": "771fb8f5-5e7c-4eb6-9302-b7fa350a736d", "user": 1, "revision": 29, "content_changed": true, "deleted": false, "page": 7}}, {"model": "wagtailcore.pagelogentry", "pk": 58, "fields": {"content_type": 52, "label": "sobre nosotros", "action": "wagtail.edit", "data": {}, "timestamp": "2024-05-10T09:37:18.452Z", "uuid": "d44dbb83-2e34-4697-82ef-65d4a7f7a294", "user": 1, "revision": 30, "content_changed": true, "deleted": false, "page": 7}}, {"model": "wagtailcore.pagelogentry", "pk": 59, "fields": {"content_type": 52, "label": "sobre nosotros", "action": "wagtail.publish", "data": {}, "timestamp": "2024-05-10T09:37:18.600Z", "uuid": "d44dbb83-2e34-4697-82ef-65d4a7f7a294", "user": 1, "revision": 30, "content_changed": false, "deleted": false, "page": 7}}, {"model": "wagtailcore.pagelogentry", "pk": 60, "fields": {"content_type": 50, "label": "servicio", "action": "wagtail.edit", "data": {}, "timestamp": "2024-05-10T11:50:03.195Z", "uuid": "9af1806d-5028-4de8-b196-d0902e9b6979", "user": 1, "revision": 31, "content_changed": true, "deleted": false, "page": 8}}, {"model": "wagtailcore.pagelogentry", "pk": 61, "fields": {"content_type": 50, "label": "servicio", "action": "wagtail.edit", "data": {}, "timestamp": "2024-05-10T11:50:16.912Z", "uuid": "d3ddbe9c-313c-47c0-94d2-3733fc8570ba", "user": 1, "revision": 32, "content_changed": true, "deleted": false, "page": 8}}, {"model": "wagtailcore.pagelogentry", "pk": 62, "fields": {"content_type": 50, "label": "servicio", "action": "wagtail.publish", "data": {}, "timestamp": "2024-05-10T11:50:17.079Z", "uuid": "d3ddbe9c-313c-47c0-94d2-3733fc8570ba", "user": 1, "revision": 32, "content_changed": false, "deleted": false, "page": 8}}, {"model": "wagtailcore.pagelogentry", "pk": 63, "fields": {"content_type": 45, "label": "inicio", "action": "wagtail.edit", "data": {}, "timestamp": "2024-05-20T09:59:29.186Z", "uuid": "6171c01d-0881-48c3-8410-bcefa746bf8b", "user": 1, "revision": 33, "content_changed": true, "deleted": false, "page": 5}}, {"model": "wagtailcore.pagelogentry", "pk": 64, "fields": {"content_type": 45, "label": "inicio", "action": "wagtail.edit", "data": {}, "timestamp": "2024-05-20T10:00:20.473Z", "uuid": "3efd42b2-4196-4d89-a6eb-6b3fc452a778", "user": 1, "revision": 34, "content_changed": true, "deleted": false, "page": 5}}, {"model": "wagtailcore.pagelogentry", "pk": 65, "fields": {"content_type": 49, "label": "informatica", "action": "wagtail.edit", "data": {}, "timestamp": "2024-05-27T07:11:58.045Z", "uuid": "17f546e8-cfc7-4506-9dcc-3c7c28a4363f", "user": 1, "revision": 35, "content_changed": true, "deleted": false, "page": 10}}, {"model": "wagtailcore.pagelogentry", "pk": 66, "fields": {"content_type": 49, "label": "informatica", "action": "wagtail.publish", "data": {}, "timestamp": "2024-05-27T07:11:58.181Z", "uuid": "17f546e8-cfc7-4506-9dcc-3c7c28a4363f", "user": 1, "revision": 35, "content_changed": true, "deleted": false, "page": 10}}, {"model": "wagtailcore.pagelogentry", "pk": 67, "fields": {"content_type": 49, "label": "informatica", "action": "wagtail.edit", "data": {}, "timestamp": "2024-05-27T07:15:46.346Z", "uuid": "2e660853-f802-437d-a383-e3a948c8eded", "user": 1, "revision": 36, "content_changed": true, "deleted": false, "page": 10}}, {"model": "wagtailcore.pagelogentry", "pk": 68, "fields": {"content_type": 49, "label": "servicio-telefonía", "action": "wagtail.create", "data": {}, "timestamp": "2024-05-27T07:17:16.838Z", "uuid": "5edc1ba3-43df-41a5-b838-19ae05b6ad67", "user": 1, "revision": null, "content_changed": true, "deleted": false, "page": 12}}, {"model": "wagtailcore.pagelogentry", "pk": 69, "fields": {"content_type": 49, "label": "servicio-telefonía", "action": "wagtail.edit", "data": {}, "timestamp": "2024-05-27T07:17:16.907Z", "uuid": "5edc1ba3-43df-41a5-b838-19ae05b6ad67", "user": 1, "revision": 37, "content_changed": true, "deleted": false, "page": 12}}, {"model": "wagtailcore.pagelogentry", "pk": 70, "fields": {"content_type": 49, "label": "servicio-telefonía", "action": "wagtail.publish", "data": {}, "timestamp": "2024-05-27T07:17:17.021Z", "uuid": "5edc1ba3-43df-41a5-b838-19ae05b6ad67", "user": 1, "revision": 37, "content_changed": true, "deleted": false, "page": 12}}, {"model": "wagtailcore.pagelogentry", "pk": 71, "fields": {"content_type": 49, "label": "servicio-telefonía", "action": "wagtail.edit", "data": {}, "timestamp": "2024-05-29T07:33:12.417Z", "uuid": "144303f6-77ad-4f4d-8fb4-6cdd9893853f", "user": 1, "revision": 38, "content_changed": true, "deleted": false, "page": 12}}, {"model": "wagtailcore.pagelogentry", "pk": 72, "fields": {"content_type": 49, "label": "servicio-telefonía", "action": "wagtail.edit", "data": {}, "timestamp": "2024-05-29T07:39:41.978Z", "uuid": "a6ea1e11-96bb-47f5-8fdc-d3e191d5fb4e", "user": 1, "revision": 39, "content_changed": true, "deleted": false, "page": 12}}, {"model": "wagtailcore.pagelogentry", "pk": 73, "fields": {"content_type": 49, "label": "servicio-telefonía", "action": "wagtail.edit", "data": {}, "timestamp": "2024-05-29T07:40:15.350Z", "uuid": "a546aa93-7ebe-4fee-a2b8-4250ab3edd55", "user": 1, "revision": 40, "content_changed": true, "deleted": false, "page": 12}}, {"model": "wagtailcore.pagelogentry", "pk": 74, "fields": {"content_type": 49, "label": "servicio-telefonía", "action": "wagtail.publish", "data": {}, "timestamp": "2024-05-29T07:40:15.467Z", "uuid": "a546aa93-7ebe-4fee-a2b8-4250ab3edd55", "user": 1, "revision": 40, "content_changed": true, "deleted": false, "page": 12}}, {"model": "wagtailcore.pagelogentry", "pk": 75, "fields": {"content_type": 49, "label": "servicio-telefonía", "action": "wagtail.edit", "data": {}, "timestamp": "2024-05-29T07:57:00.636Z", "uuid": "70dd3ad7-46f2-49a1-93c8-9b3278ff4d37", "user": 1, "revision": 41, "content_changed": true, "deleted": false, "page": 12}}, {"model": "wagtailcore.pagelogentry", "pk": 76, "fields": {"content_type": 49, "label": "servicio-telefonía", "action": "wagtail.publish", "data": {}, "timestamp": "2024-05-29T07:57:00.738Z", "uuid": "70dd3ad7-46f2-49a1-93c8-9b3278ff4d37", "user": 1, "revision": 41, "content_changed": true, "deleted": false, "page": 12}}, {"model": "wagtailcore.pagesubscription", "pk": 1, "fields": {"user": 1, "page": 2, "comment_notifications": false}}, {"model": "wagtailcore.pagesubscription", "pk": 4, "fields": {"user": 1, "page": 5, "comment_notifications": true}}, {"model": "wagtailcore.pagesubscription", "pk": 5, "fields": {"user": 1, "page": 6, "comment_notifications": true}}, {"model": "wagtailcore.pagesubscription", "pk": 6, "fields": {"user": 1, "page": 7, "comment_notifications": true}}, {"model": "wagtailcore.pagesubscription", "pk": 7, "fields": {"user": 1, "page": 8, "comment_notifications": true}}, {"model": "wagtailcore.pagesubscription", "pk": 9, "fields": {"user": 1, "page": 10, "comment_notifications": true}}, {"model": "wagtailcore.pagesubscription", "pk": 10, "fields": {"user": 1, "page": 11, "comment_notifications": true}}, {"model": "wagtailcore.pagesubscription", "pk": 11, "fields": {"user": 1, "page": 12, "comment_notifications": true}}, {"model": "auth.permission", "pk": 1, "fields": {"name": "Can add image", "content_type": 2, "codename": "add_image"}}, {"model": "auth.permission", "pk": 2, "fields": {"name": "Can change image", "content_type": 2, "codename": "change_image"}}, {"model": "auth.permission", "pk": 3, "fields": {"name": "Can delete image", "content_type": 2, "codename": "delete_image"}}, {"model": "auth.permission", "pk": 4, "fields": {"name": "Can choose image", "content_type": 2, "codename": "choose_image"}}, {"model": "auth.permission", "pk": 5, "fields": {"name": "Can add locale", "content_type": 4, "codename": "add_locale"}}, {"model": "auth.permission", "pk": 6, "fields": {"name": "Can change locale", "content_type": 4, "codename": "change_locale"}}, {"model": "auth.permission", "pk": 7, "fields": {"name": "Can delete locale", "content_type": 4, "codename": "delete_locale"}}, {"model": "auth.permission", "pk": 8, "fields": {"name": "Can view locale", "content_type": 4, "codename": "view_locale"}}, {"model": "auth.permission", "pk": 9, "fields": {"name": "Can add site", "content_type": 5, "codename": "add_site"}}, {"model": "auth.permission", "pk": 10, "fields": {"name": "Can change site", "content_type": 5, "codename": "change_site"}}, {"model": "auth.permission", "pk": 11, "fields": {"name": "Can delete site", "content_type": 5, "codename": "delete_site"}}, {"model": "auth.permission", "pk": 12, "fields": {"name": "Can view site", "content_type": 5, "codename": "view_site"}}, {"model": "auth.permission", "pk": 13, "fields": {"name": "Can add model log entry", "content_type": 6, "codename": "add_modellogentry"}}, {"model": "auth.permission", "pk": 14, "fields": {"name": "Can change model log entry", "content_type": 6, "codename": "change_modellogentry"}}, {"model": "auth.permission", "pk": 15, "fields": {"name": "Can delete model log entry", "content_type": 6, "codename": "delete_modellogentry"}}, {"model": "auth.permission", "pk": 16, "fields": {"name": "Can view model log entry", "content_type": 6, "codename": "view_modellogentry"}}, {"model": "auth.permission", "pk": 17, "fields": {"name": "Can add collection view restriction", "content_type": 7, "codename": "add_collectionviewrestriction"}}, {"model": "auth.permission", "pk": 18, "fields": {"name": "Can change collection view restriction", "content_type": 7, "codename": "change_collectionviewrestriction"}}, {"model": "auth.permission", "pk": 19, "fields": {"name": "Can delete collection view restriction", "content_type": 7, "codename": "delete_collectionviewrestriction"}}, {"model": "auth.permission", "pk": 20, "fields": {"name": "Can view collection view restriction", "content_type": 7, "codename": "view_collectionviewrestriction"}}, {"model": "auth.permission", "pk": 21, "fields": {"name": "Can add collection", "content_type": 8, "codename": "add_collection"}}, {"model": "auth.permission", "pk": 22, "fields": {"name": "Can change collection", "content_type": 8, "codename": "change_collection"}}, {"model": "auth.permission", "pk": 23, "fields": {"name": "Can delete collection", "content_type": 8, "codename": "delete_collection"}}, {"model": "auth.permission", "pk": 24, "fields": {"name": "Can view collection", "content_type": 8, "codename": "view_collection"}}, {"model": "auth.permission", "pk": 25, "fields": {"name": "Can add group collection permission", "content_type": 9, "codename": "add_groupcollectionpermission"}}, {"model": "auth.permission", "pk": 26, "fields": {"name": "Can change group collection permission", "content_type": 9, "codename": "change_groupcollectionpermission"}}, {"model": "auth.permission", "pk": 27, "fields": {"name": "Can delete group collection permission", "content_type": 9, "codename": "delete_groupcollectionpermission"}}, {"model": "auth.permission", "pk": 28, "fields": {"name": "Can view group collection permission", "content_type": 9, "codename": "view_groupcollectionpermission"}}, {"model": "auth.permission", "pk": 29, "fields": {"name": "Can add reference index", "content_type": 10, "codename": "add_referenceindex"}}, {"model": "auth.permission", "pk": 30, "fields": {"name": "Can change reference index", "content_type": 10, "codename": "change_referenceindex"}}, {"model": "auth.permission", "pk": 31, "fields": {"name": "Can delete reference index", "content_type": 10, "codename": "delete_referenceindex"}}, {"model": "auth.permission", "pk": 32, "fields": {"name": "Can view reference index", "content_type": 10, "codename": "view_referenceindex"}}, {"model": "auth.permission", "pk": 33, "fields": {"name": "Can add page", "content_type": 1, "codename": "add_page"}}, {"model": "auth.permission", "pk": 34, "fields": {"name": "Can change page", "content_type": 1, "codename": "change_page"}}, {"model": "auth.permission", "pk": 35, "fields": {"name": "Can delete page", "content_type": 1, "codename": "delete_page"}}, {"model": "auth.permission", "pk": 36, "fields": {"name": "Can view page", "content_type": 1, "codename": "view_page"}}, {"model": "auth.permission", "pk": 37, "fields": {"name": "Delete pages with children", "content_type": 1, "codename": "bulk_delete_page"}}, {"model": "auth.permission", "pk": 38, "fields": {"name": "Lock/unlock pages you've locked", "content_type": 1, "codename": "lock_page"}}, {"model": "auth.permission", "pk": 39, "fields": {"name": "Publish any page", "content_type": 1, "codename": "publish_page"}}, {"model": "auth.permission", "pk": 40, "fields": {"name": "Unlock any page", "content_type": 1, "codename": "unlock_page"}}, {"model": "auth.permission", "pk": 41, "fields": {"name": "Can add revision", "content_type": 11, "codename": "add_revision"}}, {"model": "auth.permission", "pk": 42, "fields": {"name": "Can change revision", "content_type": 11, "codename": "change_revision"}}, {"model": "auth.permission", "pk": 43, "fields": {"name": "Can delete revision", "content_type": 11, "codename": "delete_revision"}}, {"model": "auth.permission", "pk": 44, "fields": {"name": "Can view revision", "content_type": 11, "codename": "view_revision"}}, {"model": "auth.permission", "pk": 45, "fields": {"name": "Can add group page permission", "content_type": 12, "codename": "add_grouppagepermission"}}, {"model": "auth.permission", "pk": 46, "fields": {"name": "Can change group page permission", "content_type": 12, "codename": "change_grouppagepermission"}}, {"model": "auth.permission", "pk": 47, "fields": {"name": "Can delete group page permission", "content_type": 12, "codename": "delete_grouppagepermission"}}, {"model": "auth.permission", "pk": 48, "fields": {"name": "Can view group page permission", "content_type": 12, "codename": "view_grouppagepermission"}}, {"model": "auth.permission", "pk": 49, "fields": {"name": "Can add page view restriction", "content_type": 13, "codename": "add_pageviewrestriction"}}, {"model": "auth.permission", "pk": 50, "fields": {"name": "Can change page view restriction", "content_type": 13, "codename": "change_pageviewrestriction"}}, {"model": "auth.permission", "pk": 51, "fields": {"name": "Can delete page view restriction", "content_type": 13, "codename": "delete_pageviewrestriction"}}, {"model": "auth.permission", "pk": 52, "fields": {"name": "Can view page view restriction", "content_type": 13, "codename": "view_pageviewrestriction"}}, {"model": "auth.permission", "pk": 53, "fields": {"name": "Can add workflow page", "content_type": 14, "codename": "add_workflowpage"}}, {"model": "auth.permission", "pk": 54, "fields": {"name": "Can change workflow page", "content_type": 14, "codename": "change_workflowpage"}}, {"model": "auth.permission", "pk": 55, "fields": {"name": "Can delete workflow page", "content_type": 14, "codename": "delete_workflowpage"}}, {"model": "auth.permission", "pk": 56, "fields": {"name": "Can view workflow page", "content_type": 14, "codename": "view_workflowpage"}}, {"model": "auth.permission", "pk": 57, "fields": {"name": "Can add workflow content type", "content_type": 15, "codename": "add_workflowcontenttype"}}, {"model": "auth.permission", "pk": 58, "fields": {"name": "Can change workflow content type", "content_type": 15, "codename": "change_workflowcontenttype"}}, {"model": "auth.permission", "pk": 59, "fields": {"name": "Can delete workflow content type", "content_type": 15, "codename": "delete_workflowcontenttype"}}, {"model": "auth.permission", "pk": 60, "fields": {"name": "Can view workflow content type", "content_type": 15, "codename": "view_workflowcontenttype"}}, {"model": "auth.permission", "pk": 61, "fields": {"name": "Can add workflow task order", "content_type": 16, "codename": "add_workflowtask"}}, {"model": "auth.permission", "pk": 62, "fields": {"name": "Can change workflow task order", "content_type": 16, "codename": "change_workflowtask"}}, {"model": "auth.permission", "pk": 63, "fields": {"name": "Can delete workflow task order", "content_type": 16, "codename": "delete_workflowtask"}}, {"model": "auth.permission", "pk": 64, "fields": {"name": "Can view workflow task order", "content_type": 16, "codename": "view_workflowtask"}}, {"model": "auth.permission", "pk": 65, "fields": {"name": "Can add task", "content_type": 17, "codename": "add_task"}}, {"model": "auth.permission", "pk": 66, "fields": {"name": "Can change task", "content_type": 17, "codename": "change_task"}}, {"model": "auth.permission", "pk": 67, "fields": {"name": "Can delete task", "content_type": 17, "codename": "delete_task"}}, {"model": "auth.permission", "pk": 68, "fields": {"name": "Can view task", "content_type": 17, "codename": "view_task"}}, {"model": "auth.permission", "pk": 69, "fields": {"name": "Can add workflow", "content_type": 18, "codename": "add_workflow"}}, {"model": "auth.permission", "pk": 70, "fields": {"name": "Can change workflow", "content_type": 18, "codename": "change_workflow"}}, {"model": "auth.permission", "pk": 71, "fields": {"name": "Can delete workflow", "content_type": 18, "codename": "delete_workflow"}}, {"model": "auth.permission", "pk": 72, "fields": {"name": "Can view workflow", "content_type": 18, "codename": "view_workflow"}}, {"model": "auth.permission", "pk": 73, "fields": {"name": "Can add Group approval task", "content_type": 3, "codename": "add_groupapprovaltask"}}, {"model": "auth.permission", "pk": 74, "fields": {"name": "Can change Group approval task", "content_type": 3, "codename": "change_groupapprovaltask"}}, {"model": "auth.permission", "pk": 75, "fields": {"name": "Can delete Group approval task", "content_type": 3, "codename": "delete_groupapprovaltask"}}, {"model": "auth.permission", "pk": 76, "fields": {"name": "Can view Group approval task", "content_type": 3, "codename": "view_groupapprovaltask"}}, {"model": "auth.permission", "pk": 77, "fields": {"name": "Can add Workflow state", "content_type": 19, "codename": "add_workflowstate"}}, {"model": "auth.permission", "pk": 78, "fields": {"name": "Can change Workflow state", "content_type": 19, "codename": "change_workflowstate"}}, {"model": "auth.permission", "pk": 79, "fields": {"name": "Can delete Workflow state", "content_type": 19, "codename": "delete_workflowstate"}}, {"model": "auth.permission", "pk": 80, "fields": {"name": "Can view Workflow state", "content_type": 19, "codename": "view_workflowstate"}}, {"model": "auth.permission", "pk": 81, "fields": {"name": "Can add Task state", "content_type": 20, "codename": "add_taskstate"}}, {"model": "auth.permission", "pk": 82, "fields": {"name": "Can change Task state", "content_type": 20, "codename": "change_taskstate"}}, {"model": "auth.permission", "pk": 83, "fields": {"name": "Can delete Task state", "content_type": 20, "codename": "delete_taskstate"}}, {"model": "auth.permission", "pk": 84, "fields": {"name": "Can view Task state", "content_type": 20, "codename": "view_taskstate"}}, {"model": "auth.permission", "pk": 85, "fields": {"name": "Can add page log entry", "content_type": 21, "codename": "add_pagelogentry"}}, {"model": "auth.permission", "pk": 86, "fields": {"name": "Can change page log entry", "content_type": 21, "codename": "change_pagelogentry"}}, {"model": "auth.permission", "pk": 87, "fields": {"name": "Can delete page log entry", "content_type": 21, "codename": "delete_pagelogentry"}}, {"model": "auth.permission", "pk": 88, "fields": {"name": "Can view page log entry", "content_type": 21, "codename": "view_pagelogentry"}}, {"model": "auth.permission", "pk": 89, "fields": {"name": "Can add comment", "content_type": 22, "codename": "add_comment"}}, {"model": "auth.permission", "pk": 90, "fields": {"name": "Can change comment", "content_type": 22, "codename": "change_comment"}}, {"model": "auth.permission", "pk": 91, "fields": {"name": "Can delete comment", "content_type": 22, "codename": "delete_comment"}}, {"model": "auth.permission", "pk": 92, "fields": {"name": "Can view comment", "content_type": 22, "codename": "view_comment"}}, {"model": "auth.permission", "pk": 93, "fields": {"name": "Can add comment reply", "content_type": 23, "codename": "add_commentreply"}}, {"model": "auth.permission", "pk": 94, "fields": {"name": "Can change comment reply", "content_type": 23, "codename": "change_commentreply"}}, {"model": "auth.permission", "pk": 95, "fields": {"name": "Can delete comment reply", "content_type": 23, "codename": "delete_commentreply"}}, {"model": "auth.permission", "pk": 96, "fields": {"name": "Can view comment reply", "content_type": 23, "codename": "view_commentreply"}}, {"model": "auth.permission", "pk": 97, "fields": {"name": "Can add page subscription", "content_type": 24, "codename": "add_pagesubscription"}}, {"model": "auth.permission", "pk": 98, "fields": {"name": "Can change page subscription", "content_type": 24, "codename": "change_pagesubscription"}}, {"model": "auth.permission", "pk": 99, "fields": {"name": "Can delete page subscription", "content_type": 24, "codename": "delete_pagesubscription"}}, {"model": "auth.permission", "pk": 100, "fields": {"name": "Can view page subscription", "content_type": 24, "codename": "view_pagesubscription"}}, {"model": "auth.permission", "pk": 101, "fields": {"name": "Can access Wagtail admin", "content_type": 25, "codename": "access_admin"}}, {"model": "auth.permission", "pk": 102, "fields": {"name": "Can add document", "content_type": 26, "codename": "add_document"}}, {"model": "auth.permission", "pk": 103, "fields": {"name": "Can change document", "content_type": 26, "codename": "change_document"}}, {"model": "auth.permission", "pk": 104, "fields": {"name": "Can delete document", "content_type": 26, "codename": "delete_document"}}, {"model": "auth.permission", "pk": 105, "fields": {"name": "Can choose document", "content_type": 26, "codename": "choose_document"}}, {"model": "auth.permission", "pk": 106, "fields": {"name": "Can add home page", "content_type": 27, "codename": "add_homepage"}}, {"model": "auth.permission", "pk": 107, "fields": {"name": "Can change home page", "content_type": 27, "codename": "change_homepage"}}, {"model": "auth.permission", "pk": 108, "fields": {"name": "Can delete home page", "content_type": 27, "codename": "delete_homepage"}}, {"model": "auth.permission", "pk": 109, "fields": {"name": "Can view home page", "content_type": 27, "codename": "view_homepage"}}, {"model": "auth.permission", "pk": 110, "fields": {"name": "Can add form submission", "content_type": 28, "codename": "add_formsubmission"}}, {"model": "auth.permission", "pk": 111, "fields": {"name": "Can change form submission", "content_type": 28, "codename": "change_formsubmission"}}, {"model": "auth.permission", "pk": 112, "fields": {"name": "Can delete form submission", "content_type": 28, "codename": "delete_formsubmission"}}, {"model": "auth.permission", "pk": 113, "fields": {"name": "Can view form submission", "content_type": 28, "codename": "view_formsubmission"}}, {"model": "auth.permission", "pk": 114, "fields": {"name": "Can add redirect", "content_type": 29, "codename": "add_redirect"}}, {"model": "auth.permission", "pk": 115, "fields": {"name": "Can change redirect", "content_type": 29, "codename": "change_redirect"}}, {"model": "auth.permission", "pk": 116, "fields": {"name": "Can delete redirect", "content_type": 29, "codename": "delete_redirect"}}, {"model": "auth.permission", "pk": 117, "fields": {"name": "Can view redirect", "content_type": 29, "codename": "view_redirect"}}, {"model": "auth.permission", "pk": 118, "fields": {"name": "Can add embed", "content_type": 30, "codename": "add_embed"}}, {"model": "auth.permission", "pk": 119, "fields": {"name": "Can change embed", "content_type": 30, "codename": "change_embed"}}, {"model": "auth.permission", "pk": 120, "fields": {"name": "Can delete embed", "content_type": 30, "codename": "delete_embed"}}, {"model": "auth.permission", "pk": 121, "fields": {"name": "Can view embed", "content_type": 30, "codename": "view_embed"}}, {"model": "auth.permission", "pk": 122, "fields": {"name": "Can add user profile", "content_type": 31, "codename": "add_userprofile"}}, {"model": "auth.permission", "pk": 123, "fields": {"name": "Can change user profile", "content_type": 31, "codename": "change_userprofile"}}, {"model": "auth.permission", "pk": 124, "fields": {"name": "Can delete user profile", "content_type": 31, "codename": "delete_userprofile"}}, {"model": "auth.permission", "pk": 125, "fields": {"name": "Can view user profile", "content_type": 31, "codename": "view_userprofile"}}, {"model": "auth.permission", "pk": 126, "fields": {"name": "Can view document", "content_type": 26, "codename": "view_document"}}, {"model": "auth.permission", "pk": 127, "fields": {"name": "Can add uploaded document", "content_type": 32, "codename": "add_uploadeddocument"}}, {"model": "auth.permission", "pk": 128, "fields": {"name": "Can change uploaded document", "content_type": 32, "codename": "change_uploadeddocument"}}, {"model": "auth.permission", "pk": 129, "fields": {"name": "Can delete uploaded document", "content_type": 32, "codename": "delete_uploadeddocument"}}, {"model": "auth.permission", "pk": 130, "fields": {"name": "Can view uploaded document", "content_type": 32, "codename": "view_uploadeddocument"}}, {"model": "auth.permission", "pk": 131, "fields": {"name": "Can view image", "content_type": 2, "codename": "view_image"}}, {"model": "auth.permission", "pk": 132, "fields": {"name": "Can add rendition", "content_type": 33, "codename": "add_rendition"}}, {"model": "auth.permission", "pk": 133, "fields": {"name": "Can change rendition", "content_type": 33, "codename": "change_rendition"}}, {"model": "auth.permission", "pk": 134, "fields": {"name": "Can delete rendition", "content_type": 33, "codename": "delete_rendition"}}, {"model": "auth.permission", "pk": 135, "fields": {"name": "Can view rendition", "content_type": 33, "codename": "view_rendition"}}, {"model": "auth.permission", "pk": 136, "fields": {"name": "Can add uploaded image", "content_type": 34, "codename": "add_uploadedimage"}}, {"model": "auth.permission", "pk": 137, "fields": {"name": "Can change uploaded image", "content_type": 34, "codename": "change_uploadedimage"}}, {"model": "auth.permission", "pk": 138, "fields": {"name": "Can delete uploaded image", "content_type": 34, "codename": "delete_uploadedimage"}}, {"model": "auth.permission", "pk": 139, "fields": {"name": "Can view uploaded image", "content_type": 34, "codename": "view_uploadedimage"}}, {"model": "auth.permission", "pk": 140, "fields": {"name": "Can add index entry", "content_type": 35, "codename": "add_indexentry"}}, {"model": "auth.permission", "pk": 141, "fields": {"name": "Can change index entry", "content_type": 35, "codename": "change_indexentry"}}, {"model": "auth.permission", "pk": 142, "fields": {"name": "Can delete index entry", "content_type": 35, "codename": "delete_indexentry"}}, {"model": "auth.permission", "pk": 143, "fields": {"name": "Can view index entry", "content_type": 35, "codename": "view_indexentry"}}, {"model": "auth.permission", "pk": 144, "fields": {"name": "Can add sqliteftsindexentry", "content_type": 36, "codename": "add_sqliteftsindexentry"}}, {"model": "auth.permission", "pk": 145, "fields": {"name": "Can change sqliteftsindexentry", "content_type": 36, "codename": "change_sqliteftsindexentry"}}, {"model": "auth.permission", "pk": 146, "fields": {"name": "Can delete sqliteftsindexentry", "content_type": 36, "codename": "delete_sqliteftsindexentry"}}, {"model": "auth.permission", "pk": 147, "fields": {"name": "Can view sqliteftsindexentry", "content_type": 36, "codename": "view_sqliteftsindexentry"}}, {"model": "auth.permission", "pk": 148, "fields": {"name": "Can add tag", "content_type": 37, "codename": "add_tag"}}, {"model": "auth.permission", "pk": 149, "fields": {"name": "Can change tag", "content_type": 37, "codename": "change_tag"}}, {"model": "auth.permission", "pk": 150, "fields": {"name": "Can delete tag", "content_type": 37, "codename": "delete_tag"}}, {"model": "auth.permission", "pk": 151, "fields": {"name": "Can view tag", "content_type": 37, "codename": "view_tag"}}, {"model": "auth.permission", "pk": 152, "fields": {"name": "Can add tagged item", "content_type": 38, "codename": "add_taggeditem"}}, {"model": "auth.permission", "pk": 153, "fields": {"name": "Can change tagged item", "content_type": 38, "codename": "change_taggeditem"}}, {"model": "auth.permission", "pk": 154, "fields": {"name": "Can delete tagged item", "content_type": 38, "codename": "delete_taggeditem"}}, {"model": "auth.permission", "pk": 155, "fields": {"name": "Can view tagged item", "content_type": 38, "codename": "view_taggeditem"}}, {"model": "auth.permission", "pk": 156, "fields": {"name": "Can add log entry", "content_type": 39, "codename": "add_logentry"}}, {"model": "auth.permission", "pk": 157, "fields": {"name": "Can change log entry", "content_type": 39, "codename": "change_logentry"}}, {"model": "auth.permission", "pk": 158, "fields": {"name": "Can delete log entry", "content_type": 39, "codename": "delete_logentry"}}, {"model": "auth.permission", "pk": 159, "fields": {"name": "Can view log entry", "content_type": 39, "codename": "view_logentry"}}, {"model": "auth.permission", "pk": 160, "fields": {"name": "Can add permission", "content_type": 40, "codename": "add_permission"}}, {"model": "auth.permission", "pk": 161, "fields": {"name": "Can change permission", "content_type": 40, "codename": "change_permission"}}, {"model": "auth.permission", "pk": 162, "fields": {"name": "Can delete permission", "content_type": 40, "codename": "delete_permission"}}, {"model": "auth.permission", "pk": 163, "fields": {"name": "Can view permission", "content_type": 40, "codename": "view_permission"}}, {"model": "auth.permission", "pk": 164, "fields": {"name": "Can add group", "content_type": 41, "codename": "add_group"}}, {"model": "auth.permission", "pk": 165, "fields": {"name": "Can change group", "content_type": 41, "codename": "change_group"}}, {"model": "auth.permission", "pk": 166, "fields": {"name": "Can delete group", "content_type": 41, "codename": "delete_group"}}, {"model": "auth.permission", "pk": 167, "fields": {"name": "Can view group", "content_type": 41, "codename": "view_group"}}, {"model": "auth.permission", "pk": 168, "fields": {"name": "Can add user", "content_type": 42, "codename": "add_user"}}, {"model": "auth.permission", "pk": 169, "fields": {"name": "Can change user", "content_type": 42, "codename": "change_user"}}, {"model": "auth.permission", "pk": 170, "fields": {"name": "Can delete user", "content_type": 42, "codename": "delete_user"}}, {"model": "auth.permission", "pk": 171, "fields": {"name": "Can view user", "content_type": 42, "codename": "view_user"}}, {"model": "auth.permission", "pk": 172, "fields": {"name": "Can add content type", "content_type": 43, "codename": "add_contenttype"}}, {"model": "auth.permission", "pk": 173, "fields": {"name": "Can change content type", "content_type": 43, "codename": "change_contenttype"}}, {"model": "auth.permission", "pk": 174, "fields": {"name": "Can delete content type", "content_type": 43, "codename": "delete_contenttype"}}, {"model": "auth.permission", "pk": 175, "fields": {"name": "Can view content type", "content_type": 43, "codename": "view_contenttype"}}, {"model": "auth.permission", "pk": 176, "fields": {"name": "Can add session", "content_type": 44, "codename": "add_session"}}, {"model": "auth.permission", "pk": 177, "fields": {"name": "Can change session", "content_type": 44, "codename": "change_session"}}, {"model": "auth.permission", "pk": 178, "fields": {"name": "Can delete session", "content_type": 44, "codename": "delete_session"}}, {"model": "auth.permission", "pk": 179, "fields": {"name": "Can view session", "content_type": 44, "codename": "view_session"}}, {"model": "auth.permission", "pk": 180, "fields": {"name": "Can add inicio page", "content_type": 45, "codename": "add_iniciopage"}}, {"model": "auth.permission", "pk": 181, "fields": {"name": "Can change inicio page", "content_type": 45, "codename": "change_iniciopage"}}, {"model": "auth.permission", "pk": 182, "fields": {"name": "Can delete inicio page", "content_type": 45, "codename": "delete_iniciopage"}}, {"model": "auth.permission", "pk": 183, "fields": {"name": "Can view inicio page", "content_type": 45, "codename": "view_iniciopage"}}, {"model": "auth.permission", "pk": 184, "fields": {"name": "Can add form page", "content_type": 46, "codename": "add_formpage"}}, {"model": "auth.permission", "pk": 185, "fields": {"name": "Can change form page", "content_type": 46, "codename": "change_formpage"}}, {"model": "auth.permission", "pk": 186, "fields": {"name": "Can delete form page", "content_type": 46, "codename": "delete_formpage"}}, {"model": "auth.permission", "pk": 187, "fields": {"name": "Can view form page", "content_type": 46, "codename": "view_formpage"}}, {"model": "auth.permission", "pk": 188, "fields": {"name": "Can add form field", "content_type": 47, "codename": "add_formfield"}}, {"model": "auth.permission", "pk": 189, "fields": {"name": "Can change form field", "content_type": 47, "codename": "change_formfield"}}, {"model": "auth.permission", "pk": 190, "fields": {"name": "Can delete form field", "content_type": 47, "codename": "delete_formfield"}}, {"model": "auth.permission", "pk": 191, "fields": {"name": "Can view form field", "content_type": 47, "codename": "view_formfield"}}, {"model": "auth.permission", "pk": 192, "fields": {"name": "Can add card", "content_type": 48, "codename": "add_card"}}, {"model": "auth.permission", "pk": 193, "fields": {"name": "Can change card", "content_type": 48, "codename": "change_card"}}, {"model": "auth.permission", "pk": 194, "fields": {"name": "Can delete card", "content_type": 48, "codename": "delete_card"}}, {"model": "auth.permission", "pk": 195, "fields": {"name": "Can view card", "content_type": 48, "codename": "view_card"}}, {"model": "auth.permission", "pk": 196, "fields": {"name": "Can add servicio", "content_type": 49, "codename": "add_servicio"}}, {"model": "auth.permission", "pk": 197, "fields": {"name": "Can change servicio", "content_type": 49, "codename": "change_servicio"}}, {"model": "auth.permission", "pk": 198, "fields": {"name": "Can delete servicio", "content_type": 49, "codename": "delete_servicio"}}, {"model": "auth.permission", "pk": 199, "fields": {"name": "Can view servicio", "content_type": 49, "codename": "view_servicio"}}, {"model": "auth.permission", "pk": 200, "fields": {"name": "Can add servicio lista page", "content_type": 50, "codename": "add_serviciolistapage"}}, {"model": "auth.permission", "pk": 201, "fields": {"name": "Can change servicio lista page", "content_type": 50, "codename": "change_serviciolistapage"}}, {"model": "auth.permission", "pk": 202, "fields": {"name": "Can delete servicio lista page", "content_type": 50, "codename": "delete_serviciolistapage"}}, {"model": "auth.permission", "pk": 203, "fields": {"name": "Can view servicio lista page", "content_type": 50, "codename": "view_serviciolistapage"}}, {"model": "auth.permission", "pk": 204, "fields": {"name": "Can add subapartados", "content_type": 51, "codename": "add_subapartados"}}, {"model": "auth.permission", "pk": 205, "fields": {"name": "Can change subapartados", "content_type": 51, "codename": "change_subapartados"}}, {"model": "auth.permission", "pk": 206, "fields": {"name": "Can delete subapartados", "content_type": 51, "codename": "delete_subapartados"}}, {"model": "auth.permission", "pk": 207, "fields": {"name": "Can view subapartados", "content_type": 51, "codename": "view_subapartados"}}, {"model": "auth.permission", "pk": 208, "fields": {"name": "Can add abouta_us page", "content_type": 52, "codename": "add_abouta_uspage"}}, {"model": "auth.permission", "pk": 209, "fields": {"name": "Can change abouta_us page", "content_type": 52, "codename": "change_abouta_uspage"}}, {"model": "auth.permission", "pk": 210, "fields": {"name": "Can delete abouta_us page", "content_type": 52, "codename": "delete_abouta_uspage"}}, {"model": "auth.permission", "pk": 211, "fields": {"name": "Can view abouta_us page", "content_type": 52, "codename": "view_abouta_uspage"}}, {"model": "auth.permission", "pk": 212, "fields": {"name": "Can add ourteam member", "content_type": 53, "codename": "add_ourteammember"}}, {"model": "auth.permission", "pk": 213, "fields": {"name": "Can change ourteam member", "content_type": 53, "codename": "change_ourteammember"}}, {"model": "auth.permission", "pk": 214, "fields": {"name": "Can delete ourteam member", "content_type": 53, "codename": "delete_ourteammember"}}, {"model": "auth.permission", "pk": 215, "fields": {"name": "Can view ourteam member", "content_type": 53, "codename": "view_ourteammember"}}, {"model": "auth.permission", "pk": 216, "fields": {"name": "Can add contrat page", "content_type": 54, "codename": "add_contratpage"}}, {"model": "auth.permission", "pk": 217, "fields": {"name": "Can change contrat page", "content_type": 54, "codename": "change_contratpage"}}, {"model": "auth.permission", "pk": 218, "fields": {"name": "Can delete contrat page", "content_type": 54, "codename": "delete_contratpage"}}, {"model": "auth.permission", "pk": 219, "fields": {"name": "Can view contrat page", "content_type": 54, "codename": "view_contratpage"}}, {"model": "auth.group", "pk": 1, "fields": {"name": "Moderators", "permissions": [101, 102, 103, 105, 104, 1, 2, 3]}}, {"model": "auth.group", "pk": 2, "fields": {"name": "Editors", "permissions": [101, 102, 103, 105, 104, 1, 2, 3]}}, {"model": "auth.user", "pk": 1, "fields": {"password": "pbkdf2_sha256$720000$3nXfZGs3IdPqm8CHwTSXiD$1qo42ySLF9ZqmwArTrYpa3D8i5EajEQmKYvFHfl4bRE=", "last_login": "2024-05-27T07:10:59.949Z", "is_superuser": true, "username": "mohamed", "first_name": "mohamed", "last_name": "mohamed", "email": "mderkaoui10@gmail.com", "is_staff": true, "is_active": true, "date_joined": "2024-05-03T11:44:29.949Z", "groups": [], "user_permissions": []}}, {"model": "contenttypes.contenttype", "pk": 1, "fields": {"app_label": "wagtailcore", "model": "page"}}, {"model": "contenttypes.contenttype", "pk": 2, "fields": {"app_label": "wagtailimages", "model": "image"}}, {"model": "contenttypes.contenttype", "pk": 3, "fields": {"app_label": "wagtailcore", "model": "groupapprovaltask"}}, {"model": "contenttypes.contenttype", "pk": 4, "fields": {"app_label": "wagtailcore", "model": "locale"}}, {"model": "contenttypes.contenttype", "pk": 5, "fields": {"app_label": "wagtailcore", "model": "site"}}, {"model": "contenttypes.contenttype", "pk": 6, "fields": {"app_label": "wagtailcore", "model": "modellogentry"}}, {"model": "contenttypes.contenttype", "pk": 7, "fields": {"app_label": "wagtailcore", "model": "collectionviewrestriction"}}, {"model": "contenttypes.contenttype", "pk": 8, "fields": {"app_label": "wagtailcore", "model": "collection"}}, {"model": "contenttypes.contenttype", "pk": 9, "fields": {"app_label": "wagtailcore", "model": "groupcollectionpermission"}}, {"model": "contenttypes.contenttype", "pk": 10, "fields": {"app_label": "wagtailcore", "model": "referenceindex"}}, {"model": "contenttypes.contenttype", "pk": 11, "fields": {"app_label": "wagtailcore", "model": "revision"}}, {"model": "contenttypes.contenttype", "pk": 12, "fields": {"app_label": "wagtailcore", "model": "grouppagepermission"}}, {"model": "contenttypes.contenttype", "pk": 13, "fields": {"app_label": "wagtailcore", "model": "pageviewrestriction"}}, {"model": "contenttypes.contenttype", "pk": 14, "fields": {"app_label": "wagtailcore", "model": "workflowpage"}}, {"model": "contenttypes.contenttype", "pk": 15, "fields": {"app_label": "wagtailcore", "model": "workflowcontenttype"}}, {"model": "contenttypes.contenttype", "pk": 16, "fields": {"app_label": "wagtailcore", "model": "workflowtask"}}, {"model": "contenttypes.contenttype", "pk": 17, "fields": {"app_label": "wagtailcore", "model": "task"}}, {"model": "contenttypes.contenttype", "pk": 18, "fields": {"app_label": "wagtailcore", "model": "workflow"}}, {"model": "contenttypes.contenttype", "pk": 19, "fields": {"app_label": "wagtailcore", "model": "workflowstate"}}, {"model": "contenttypes.contenttype", "pk": 20, "fields": {"app_label": "wagtailcore", "model": "taskstate"}}, {"model": "contenttypes.contenttype", "pk": 21, "fields": {"app_label": "wagtailcore", "model": "pagelogentry"}}, {"model": "contenttypes.contenttype", "pk": 22, "fields": {"app_label": "wagtailcore", "model": "comment"}}, {"model": "contenttypes.contenttype", "pk": 23, "fields": {"app_label": "wagtailcore", "model": "commentreply"}}, {"model": "contenttypes.contenttype", "pk": 24, "fields": {"app_label": "wagtailcore", "model": "pagesubscription"}}, {"model": "contenttypes.contenttype", "pk": 25, "fields": {"app_label": "wagtailadmin", "model": "admin"}}, {"model": "contenttypes.contenttype", "pk": 26, "fields": {"app_label": "wagtaildocs", "model": "document"}}, {"model": "contenttypes.contenttype", "pk": 27, "fields": {"app_label": "home", "model": "homepage"}}, {"model": "contenttypes.contenttype", "pk": 28, "fields": {"app_label": "wagtailforms", "model": "formsubmission"}}, {"model": "contenttypes.contenttype", "pk": 29, "fields": {"app_label": "wagtailredirects", "model": "redirect"}}, {"model": "contenttypes.contenttype", "pk": 30, "fields": {"app_label": "wagtailembeds", "model": "embed"}}, {"model": "contenttypes.contenttype", "pk": 31, "fields": {"app_label": "wagtailusers", "model": "userprofile"}}, {"model": "contenttypes.contenttype", "pk": 32, "fields": {"app_label": "wagtaildocs", "model": "uploadeddocument"}}, {"model": "contenttypes.contenttype", "pk": 33, "fields": {"app_label": "wagtailimages", "model": "rendition"}}, {"model": "contenttypes.contenttype", "pk": 34, "fields": {"app_label": "wagtailimages", "model": "uploadedimage"}}, {"model": "contenttypes.contenttype", "pk": 35, "fields": {"app_label": "wagtailsearch", "model": "indexentry"}}, {"model": "contenttypes.contenttype", "pk": 36, "fields": {"app_label": "wagtailsearch", "model": "sqliteftsindexentry"}}, {"model": "contenttypes.contenttype", "pk": 37, "fields": {"app_label": "taggit", "model": "tag"}}, {"model": "contenttypes.contenttype", "pk": 38, "fields": {"app_label": "taggit", "model": "taggeditem"}}, {"model": "contenttypes.contenttype", "pk": 39, "fields": {"app_label": "admin", "model": "logentry"}}, {"model": "contenttypes.contenttype", "pk": 40, "fields": {"app_label": "auth", "model": "permission"}}, {"model": "contenttypes.contenttype", "pk": 41, "fields": {"app_label": "auth", "model": "group"}}, {"model": "contenttypes.contenttype", "pk": 42, "fields": {"app_label": "auth", "model": "user"}}, {"model": "contenttypes.contenttype", "pk": 43, "fields": {"app_label": "contenttypes", "model": "contenttype"}}, {"model": "contenttypes.contenttype", "pk": 44, "fields": {"app_label": "sessions", "model": "session"}}, {"model": "contenttypes.contenttype", "pk": 45, "fields": {"app_label": "inicio", "model": "iniciopage"}}, {"model": "contenttypes.contenttype", "pk": 46, "fields": {"app_label": "contact", "model": "formpage"}}, {"model": "contenttypes.contenttype", "pk": 47, "fields": {"app_label": "contact", "model": "formfield"}}, {"model": "contenttypes.contenttype", "pk": 48, "fields": {"app_label": "servicio", "model": "card"}}, {"model": "contenttypes.contenttype", "pk": 49, "fields": {"app_label": "servicio", "model": "servicio"}}, {"model": "contenttypes.contenttype", "pk": 50, "fields": {"app_label": "servicio", "model": "serviciolistapage"}}, {"model": "contenttypes.contenttype", "pk": 51, "fields": {"app_label": "servicio", "model": "subapartados"}}, {"model": "contenttypes.contenttype", "pk": 52, "fields": {"app_label": "about_us", "model": "abouta_uspage"}}, {"model": "contenttypes.contenttype", "pk": 53, "fields": {"app_label": "about_us", "model": "ourteammember"}}, {"model": "contenttypes.contenttype", "pk": 54, "fields": {"app_label": "contrato", "model": "contratpage"}}, {"model": "sessions.session", "pk": "35ht8pq9ag00kexo38lzd82h3eklhuta", "fields": {"session_data": ".eJxVjEEOwiAQRe_C2pAOpKXt0r1nIMwwWNSAgTbRGO-uJF3o7ue_l_cS1m3rYrfKxUYvZgHi8PuhoyunBvzFpXOWlNNaIsqmyJ1Wecqeb8fd_Qssri4tqxQAjq4HAxP5IfQ8aGSjwZAa1XdMWhnq-gAjBtMhKE3I3oMH4qBbtHKtMSfLj3ssTzF37w9pDz78:1s3ste:-P00RfmsO1wdXJEk4a08cfJpLHMbEdMLCUrXYZmBtRM", "expire_date": "2024-05-20T07:36:26.978Z"}}, {"model": "sessions.session", "pk": "5pig2y26y31115xc82dkan5uswjsiaoa", "fields": {"session_data": ".eJxVjEEOwiAQRe_C2pAOpKXt0r1nIMwwWNSAgTbRGO-uJF3o7ue_l_cS1m3rYrfKxUYvZgHi8PuhoyunBvzFpXOWlNNaIsqmyJ1Wecqeb8fd_Qssri4tqxQAjq4HAxP5IfQ8aGSjwZAa1XdMWhnq-gAjBtMhKE3I3oMH4qBbtHKtMSfLj3ssTzF37w9pDz78:1s2u06:Ff7enj1bKDy0EJbYXqu_fRT8prPg8_dpin1nX09xzOw", "expire_date": "2024-05-17T14:35:02.902Z"}}, {"model": "sessions.session", "pk": "hy4tfmwd0z9zjlpah0uanp92bbovpyyw", "fields": {"session_data": ".eJxVjEEOwiAQRe_C2pAOpKXt0r1nIMwwWNSAgTbRGO-uJF3o7ue_l_cS1m3rYrfKxUYvZgHi8PuhoyunBvzFpXOWlNNaIsqmyJ1Wecqeb8fd_Qssri4tqxQAjq4HAxP5IfQ8aGSjwZAa1XdMWhnq-gAjBtMhKE3I3oMH4qBbtHKtMSfLj3ssTzF37w9pDz78:1sBUVX:2dtpyxNBNUF2P6VForMpt9AaIHFo1veo-2R4ZUfobro", "expire_date": "2024-06-10T07:10:59.955Z"}}, {"model": "sessions.session", "pk": "m5g9wwwqwb12jug4e0ore5nfa55vo9de", "fields": {"session_data": ".eJxVjEEOwiAQRe_C2pAOpKXt0r1nIMwwWNSAgTbRGO-uJF3o7ue_l_cS1m3rYrfKxUYvZgHi8PuhoyunBvzFpXOWlNNaIsqmyJ1Wecqeb8fd_Qssri4tqxQAjq4HAxP5IfQ8aGSjwZAa1XdMWhnq-gAjBtMhKE3I3oMH4qBbtHKtMSfLj3ssTzF37w9pDz78:1s4cP6:8upQbeDHMmgxf0LMHUgqh6zxY8Kck7TUvpTXIJtR0sY", "expire_date": "2024-05-22T08:11:56.624Z"}}, {"model": "sessions.session", "pk": "rjri10le4fwghpo7rol6qhtjbguz14h6", "fields": {"session_data": ".eJxVjEEOwiAQRe_C2pAOpKXt0r1nIMwwWNSAgTbRGO-uJF3o7ue_l_cS1m3rYrfKxUYvZgHi8PuhoyunBvzFpXOWlNNaIsqmyJ1Wecqeb8fd_Qssri4tqxQAjq4HAxP5IfQ8aGSjwZAa1XdMWhnq-gAjBtMhKE3I3oMH4qBbtHKtMSfLj3ssTzF37w9pDz78:1s8ziv:7DYxpSUy-5V_s4arYrgSHjXQ571p_XaYEtIzL54Z-hw", "expire_date": "2024-06-03T09:54:29.174Z"}}, {"model": "inicio.iniciopage", "pk": 5, "fields": {"carouselImages": "[{\"type\": \"carouselImage\", \"value\": 1, \"id\": \"1b56c542-80e8-40d2-b295-0d881c3cbac0\"}]", "servicios": "[]"}}, {"model": "contact.formfield", "pk": 1, "fields": {"sort_order": 0, "clean_name": "tu_email", "label": "tu email", "field_type": "email", "required": true, "choices": "", "default_value": "", "help_text": "escribe", "page": 6}}, {"model": "contact.formfield", "pk": 2, "fields": {"sort_order": 1, "clean_name": "asunto_de", "label": "asunto de", "field_type": "singleline", "required": true, "choices": "", "default_value": "", "help_text": "escriber", "page": 6}}, {"model": "contact.formfield", "pk": 3, "fields": {"sort_order": 2, "clean_name": "body", "label": "body", "field_type": "multiline", "required": true, "choices": "", "default_value": "", "help_text": "", "page": 6}}, {"model": "contact.formpage", "pk": 6, "fields": {"to_address": "dam@indam.es", "from_address": "", "subject": "", "intro": "<p data-block-key=\"pdlw3\"></p><embed embedtype=\"image\" format=\"fullwidth\" id=\"1\" alt=\"\"/><p data-block-key=\"chagr\"></p>", "thank_you_text": "<p data-block-key=\"vyw61\">gracias por escribino</p>"}}, {"model": "servicio.servicio", "pk": 10, "fields": {"tittle": "informatica", "body": "<h4 data-block-key=\"5kzqu\">informatica</h4><p data-block-key=\"4k4cu\"></p>", "subapartadoslist": "[]"}}, {"model": "servicio.servicio", "pk": 11, "fields": {"tittle": "Asesor Energético", "body": "<p data-block-key=\"imwe3\"></p><h2 data-block-key=\"flvqr\"><b>Somos tu consultoría energética de confianza</b></h2><h3 data-block-key=\"civ32\"><b>Más de 20.000 clientes confían en nosotros</b></h3><p data-block-key=\"5u7pr\"><b>Te guiamos en tus decisiones energéticas para optimizar y ahorrar en tus costes de energía, con el menor impacto medioambiental posible, reduciendo con ello tu huella de carbono en nuestro planeta</b><a href=\"https://www.barneyandco.es/nosotros/\"><b>CONÓCENOS</b></a></p><h4 data-block-key=\"3phcn\"><b>EMPRESAS</b></h4><h2 data-block-key=\"6fuio\"><b>Optimización y gestión de suministros de energía</b></h2><h3 data-block-key=\"a2piv\"><b>Energía a tu medida</b></h3><p data-block-key=\"5md3h\"><b>Gestionamos tu energía y te ofrecemos un plan de ahorro personalizado.</b></p><p data-block-key=\"5cbk9\"><b>Te asignamos un gestor personal que se encargará de que no estés pagando de más por la luz y el gas en tu negocio para que tu puedas centrar tu energía en el resto.</b></p><p data-block-key=\"k22u\"><a href=\"https://www.barneyandco.es/empresas-optimizacion-y-gestion-de-suministros-de-energia/\"><b>SABER MÁS</b></a><a href=\"https://www.barneyandco.es/calcula-tu-ahorro/\"><b>CALCULA TU AHORRO</b></a></p><h4 data-block-key=\"dbnkp\"><b>PARA TU HOGAR</b></h4><h2 data-block-key=\"23ob\"><b>Tenemos tu plan ahorro</b><br/><b>de luz y gas</b></h2><h3 data-block-key=\"4devb\"><b>Estamos contigo, cerca de ti</b></h3><p data-block-key=\"4f7aq\"><b>Trabajamos para ti, también somos consumidores de energía y queremos lo mismo que tu: compromiso, confianza, transparencia y por supuesto ahorro.</b></p><p data-block-key=\"eqh3p\"><b>Sabemos que planes se ajustan mejor a cada perfil de cliente y además potenciamos aquellas soluciones que provienen de energías renovables y son respetuosas con el medioambiente.</b></p><p data-block-key=\"itob\"><a href=\"https://www.barneyandco.es/hogar/\"><b>SABER MÁS</b></a><a href=\"https://www.barneyandco.es/calcula-tu-ahorro/\"><b>CALCULA TU AHORRO</b></a></p><h4 data-block-key=\"435rl\"><b>PARA ADMINISTRADORES DE FINCAS</b></h4><h2 data-block-key=\"a4sv7\"><b>Tu cliente es nuestro cliente</b></h2><p data-block-key=\"9f5a6\"><b>Somos tu partner de energía. Con nuestros sistemas te ahorrarás un sinfín de gestiones con las compañías eléctricas y perdidas de tiempo innecesarias en tu negocio, además te remuneraremos por ello.</b></p><p data-block-key=\"cnibh\"><b>Trabajamos para ti, reduciendo el gasto en tus comunidades y ofreciéndote las mejores soluciones de eficiencia energética.</b></p><p data-block-key=\"14maq\"><b>Te ofrecemos un estudio gratuito para todos tus clientes con las mejores tarifas de luz y gas del mercado.</b></p><p data-block-key=\"fn1oe\"><a href=\"https://www.barneyandco.es/administracion-de-fincas/\"><b>SABER MÁS</b></a></p><h2 data-block-key=\"r3o9\"><b>¿Qué vamos hacer por ti?</b></h2><h4 data-block-key=\"1bc8e\"><b>Gestor personal</b></h4><h4 data-block-key=\"1fgk2\"><b>Auditoría de consumo</b></h4><h4 data-block-key=\"f2vor\"><b>Análisis de potencia</b></h4><h4 data-block-key=\"a8d81\"><b>Eficiencia energética</b></h4><h4 data-block-key=\"7vr1p\"><b>Ahorro</b></h4><h2 data-block-key=\"f44e5\"><b>Soluciones de eficiencia energética</b></h2><p data-block-key=\"fgbqt\"><b>La eficiencia energética comporta beneficios económicos netos y son la mejor alternativa para reducir las emisiones junto al uso de tecnologías no contaminantes como las de origen renovable.</b></p><p data-block-key=\"400hj\"><b>Barney@co te propone una batería de soluciones llaves en mano que incluyen el estudio de viabilidad, legalización, instalación, financiación y garantía.</b></p><p data-block-key=\"237vb\"><b>Apúntate al futuro y reduce tu huella de carbono.</b></p><h4 data-block-key=\"akhps\"><b>Autoconsumo</b></h4><h4 data-block-key=\"4rks9\"><b>LEDs</b></h4><h4 data-block-key=\"53vl2\"><b>Contador fiscal</b></h4><h4 data-block-key=\"3htkq\"><b>Baterías de condensadores</b></h4><h4 data-block-key=\"jorf\"><b>Cargadores eléctricos</b></h4><h4 data-block-key=\"6cnb1\"><b>¡TE BUSCAMOS A TI!</b></h4><h2 data-block-key=\"55gsr\"><b>Súmate al equipo de Barney&amp;Co</b></h2><p data-block-key=\"8qedb\"><b>Apostamos por un desarrollo profesional basado en la formación, la innovación, la creatividad y sobre todo en tu talento y capacidad.</b></p><p data-block-key=\"7kd7h\"><b>Nuestro compromiso contigo implica construir una relación justa basada en la confianza, el compromiso mutuo, valores compartidos y con una idea clara: sino ganamos todos no vale la pena el viaje.</b></p><p data-block-key=\"eifvi\"><a href=\"https://www.barneyandco.es/unete-al-equipo/\"><b>ÚNETE AL EQUIPO</b></a></p>", "subapartadoslist": "[]"}}, {"model": "servicio.servicio", "pk": 12, "fields": {"tittle": "servicio-telefonia", "body": "<p data-block-key=\"976lu\"></p><embed embedtype=\"image\" format=\"left\" id=\"4\" alt=\"\"/><p data-block-key=\"av6g0\"></p><ul><li data-block-key=\"ub8a\">Si tienes la necesidad de mejorar la calidad de tu servicio de Internet o de tus líneas fijas y móviles.</li><li data-block-key=\"1j1ha\">Si necesitas contratar nuevos servicios de fibra óptica o teléfonos móviles nuevos.</li><li data-block-key=\"4gjsk\">Si crees que estás pagando más de lo que deberías por tus telecomunicaciones.</li><li data-block-key=\"flmvn\">Si quieres cambiar de compañía teleoperadora pero no sabes ni por dónde empezar.</li></ul><p data-block-key=\"266vt\">/</p><p data-block-key=\"aenso\"> </p><h3 data-block-key=\"1kbu4\"><b>Para todos estos casos, Grupo Dovesal pone a disposición de sus clientes el nuevo servicio de consultoría en Internet y telefonía móvil.</b></h3><p data-block-key=\"9cick\">Con este servicio, ponemos a vuestra disposición un profundo análisis y asesoramiento para el ahorro de costes en los servicios de telecomunicaciones, encargándonos también de todas las tramitaciones para la portabilidad de los números fijos y móviles a la compañía más adecuada en cada momento.</p><p data-block-key=\"lk77\">Nuestros expertos asesores te ayudarán a buscar la mejor oferta entre todos los teleoperadores del mercado, teniendo en cuenta tanto el precio, como las características técnicas de cada oferta.</p><p data-block-key=\"58kdp\">El servicio de consultoría es gratuito, no tiene coste ni para particulares ni para empresas. Realizamos una comparativa de las mejores tarifas de Internet y móvil, así como las mejores características técnicas de dichas ofertas, con el fin de poder ofrecerte la propuesta más adecuada para ti y para tu empresa.</p><p data-block-key=\"ctfu1\">Nosotros nos encargamos de todo. Desde el asesoramiento hasta la portabilidad, incluyendo las posibles reclamaciones posteriores por servicios que no se están dando correctamente o por facturas que se están cobrando de más.</p><h3 data-block-key=\"9ars4\"><b>¿POR QUÉ CONTRATAR CON GRUPO DOVESAL TUS SERVICIOS DE TELECOMUNICACIONES?</b></h3><ul><li data-block-key=\"a1835\">Tenemos un equipo que atiende personalmente a todos los clientes, tanto para sus clientes empresas como para los domicilios particulares (sea para teletrabajo o no).</li><li data-block-key=\"4gc82\">Ofrecemos asesoramiento comercial para obtener la mejor oferta del mercado.</li><li data-block-key=\"f6vui\">Realizamos el asesoramiento para reclamaciones, gestiones y/o modificaciones de los contratos.</li><li data-block-key=\"9k3aq\">Trabajamos con todos los operadores y, entre todas las posibilidades, buscamos la propuesta con los servicios y precios más adecuados para tus necesidades.</li><li data-block-key=\"d4h9r\">Al contratar con  Grupo Dovesal  las telecomunicaciones, nos encargamos de gestionar el alta o portabilidad de las líneas y servicios, así como las modificaciones posteriores, si hubiese que hacerlas.</li><li data-block-key=\"a51vr\">Realizamos el cambio de operador al completo, asesorando al cliente en todo el proceso y monitorizando en todo momento el estado de la portabilidad o cambio, evitando así los tan habituales errores por parte de las compañías telefónicas.</li><li data-block-key=\"4n964\">Ofrecemos un asesoramiento ante las reclamación de facturas, las incidencias, permanencias impuestas sin justificación y cualquier tipo de error, bastante común en los operadores y que suelen traer quebraderos de cabeza a los clientes, que muchas veces dejan por imposibles, sin saber las consecuencias de no llevar hasta el final dichas reclamaciones. Nuestros clientes deben dedicar su tiempo a conseguir la mayor rentabilidad en su negocio y no a pelearse con un operador.</li><li data-block-key=\"m9gp\">Por supuesto, tal y como está el mundo de las telecomunicaciones, que se mueve por ofertas temporales, sobre todo anuales, nos ocupamos de recordar a los clientes que su oferta va a concluir en breve y que debemos gestionar la renovación o el cambio de operador.</li><li data-block-key=\"3cd5c\">Realizamos la configuración de los equipos y la red de trabajo en las empresas y los domicilios, y lo hacemos en el mismo momento que se haya realizado la instalación. Nuestros propios técnicos informáticos acuden a supervisar la instalación por parte de los instaladores de las operadoras (solo en el caso de empresas). De esta manera, revisamos los habituales errores en las instalaciones o traslados de líneas, debido al paupérrimo sistema de contratas que rige dicho mercado.</li></ul><p data-block-key=\"6tg2m\">Si deseas asesoramiento para obtener la mejor oferta de servicios de telecomunicaciones del mercado.</p><p data-block-key=\"bpr3d\">Como agentes autorizados de la mayoría de los proveedores de servicios de telecomunicaciones, en Grupo Dovesal estamos en una inmejorable disposición para ayudar a nuestros clientes a resolver el jeroglífico de opciones de servicios de voz y datos que podemos encontrar en el mercado de telecomunicaciones.</p><p data-block-key=\"8ud84\">Actuamos como consultores en el proceso de selección de operador, analizamos los servicios y tarifas de facturación existentes según el uso que le vayan a dar cada cliente,  realizamos el análisis pormenorizado de todas y cada una de las  líneas, gestionamos la desconexión o portabilidad del servicio existente, realizamos una revisión posterior a la instalación y una revisión anual de la facturación, y proporcionamos mantenimiento de la cuenta.</p><p data-block-key=\"55hl8\">Nuestros servicios de consultoría en telecomunicaciones también pueden ahorrar muchas horas de investigación y de gestión a nuestros clientes y, sobre todo, muchos quebraderos de cabeza. Por no hablar de que cada comercial de cada una de las operadoras telefónicas le va a intentar vender su oferta, defendiéndola a toda costa por encima de las otras, aunque no sea la más adecuada para el domicilio o el negocio de nuestro cliente.</p><h3 data-block-key=\"9pncg\"><b>Podemos obtener un ahorro para nuestros clientes que puede alcanzar hasta el 50% de la facturación actual de telefonía e Internet.</b></h3><p data-block-key=\"60p7t\">La tecnología cambia casi a diario, lo que hace difícil saber si siempre se obtiene la mejor relación entre la calidad y el precio. Nuestros servicios de consultoría en estrategia de telecomunicaciones aseguran que nuestros clientes disfrutarán de la máxima reducción de costes en telecomunicaciones, a menudo con servicios o características mejoradas.</p><h3 data-block-key=\"9400q\"><b>Consúltanos sin compromiso</b></h3><p data-block-key=\"49soj\"></p>", "subapartadoslist": "[]"}}, {"model": "servicio.serviciolistapage", "pk": 8, "fields": {"tittle": "servicios", "body": "<h2 data-block-key=\"vbi54\"><b>En DAM Somos Profesionales Del Asesoramiento Y Ejecución De La Mejor Solución Técnica Para Su Negocio.</b></h2><p data-block-key=\"6t4b\">Realizamos todo tipo de instalaciones, desde un simple puesto, a toda la red informatizada de su empresa. Resolvemos incidencias informáticas y, gracias a nuestros planes de mantenimiento, podrás disfrutar de un soporte realmente eficaz en el menor tiempo posible. Damos soporte presencial y remoto desde nuestras oficinas situadas en Tauste (Zaragoza), para que cualquier incidencia sea resuelta rápidamente, evitando así pérdidas por no actividad en nuestros clientes. Nos adaptamos sus necesidades ofertando un gran abanico de herramientas, escalando sus requerimientos cuando evolucionen. Le ofrecemos presupuestos personalizados para el mantenimiento informático de su empresa, o simplemente puede disponer de servicio técnico presencial cuando lo necesite contactando con nosotros.</p>", "servicioList": "[{\"type\": \"servicio\", \"value\": 10, \"id\": \"9b2b1978-cc60-46eb-86a1-dfc770e9e554\"}, {\"type\": \"servicio\", \"value\": 11, \"id\": \"0fde8318-b2c0-419c-a585-313cc1280d3c\"}]"}}, {"model": "about_us.abouta_uspage", "pk": 7, "fields": {"body": "<p data-block-key=\"a9rfu\"></p><embed embedtype=\"image\" format=\"right\" id=\"1\" alt=\"DElogo\"/><h2 data-block-key=\"fbcq4\">DAM es una Empresa de Servicios Informáticos situada en Tauste.</h2><p data-block-key=\"dnb48\">Tenemos una amplia experiencia de más 18 años en el sector informático ofreciendo a nuestros clientes un trato personal, profesional, y a su vez dando soluciones de una forma rápida y efectiva. Damos soporte técnico presencial y remoto, agilizando y acortando de este modo el tiempo de espera que ralentiza su negocio. Le asesoramos en la compra, reparación o reposición de los componentes informáticos que necesite. Desde un primer momento podrá contar con toda nuestra experiencia en asesoramiento sobre las soluciones a sus problemas informáticos, además de aconsejarle en mejorar su productividad a través de la tecnología más actual y adecuada a cada necesidad. Somos una empresa seria que mira por el bien de sus clientes, lo que nos permite decir, después de una dilatada experiencia, que somos una empresa en constante evolución y que gracias a eso seguimos funcionando con la misma fuerza y filosofía que al principio de nuestros tiempos. Conozca cómo podemos ayudarle en su día a día tecnológico. No se preocupe, seguro que tenemos un plan de soporte adecuado para usted.</p>"}}]