[
{
  "model": "wagtailforms.formsubmission",
  "pk": 1,
  "fields": {
    "form_data": {
      "nombre": "mohamed",
      "tu_emal": "mderkaoui10@gmail.com",
      "asunto": "jjhh",
      "body": "isJjzkplajszklllllllll"
    },
    "page": 5,
    "submit_time": "2024-05-02T15:30:50.953Z"
  }
},
{
  "model": "wagtailcore.locale",
  "pk": 1,
  "fields": {
    "language_code": "es"
  }
},
{
  "model": "wagtailcore.site",
  "pk": 1,
  "fields": {
    "hostname": "localhost",
    "port": 8000,
    "site_name": "",
    "root_page": 3,
    "is_default_site": true
  }
},
{
  "model": "wagtailcore.collection",
  "pk": 1,
  "fields": {
    "path": "0001",
    "depth": 1,
    "numchild": 0,
    "name": "Root"
  }
},
{
  "model": "wagtailcore.referenceindex",
  "pk": 1,
  "fields": {
    "content_type": [
      "wagtailimages",
      "image"
    ],
    "base_content_type": [
      "wagtailimages",
      "image"
    ],
    "object_id": "1",
    "to_content_type": [
      "wagtailcore",
      "collection"
    ],
    "to_object_id": "1",
    "model_path": "collection",
    "content_path": "collection",
    "content_path_hash": "b40b1263-e929-57f2-a7f8-9dbce56b887b"
  }
},
{
  "model": "wagtailcore.referenceindex",
  "pk": 2,
  "fields": {
    "content_type": [
      "home",
      "homepage"
    ],
    "base_content_type": [
      "wagtailcore",
      "page"
    ],
    "object_id": "3",
    "to_content_type": [
      "wagtailimages",
      "image"
    ],
    "to_object_id": "1",
    "model_path": "image",
    "content_path": "image",
    "content_path_hash": "3cb1a537-a728-548b-b207-8423b6010580"
  }
},
{
  "model": "wagtailcore.referenceindex",
  "pk": 3,
  "fields": {
    "content_type": [
      "about_us",
      "abouta_uspage"
    ],
    "base_content_type": [
      "wagtailcore",
      "page"
    ],
    "object_id": "4",
    "to_content_type": [
      "wagtailimages",
      "image"
    ],
    "to_object_id": "1",
    "model_path": "body.",
    "content_path": "body.",
    "content_path_hash": "4d332296-be98-5f77-a5ad-cbe1e1aacda5"
  }
},
{
  "model": "wagtailcore.workflowpage",
  "pk": 1,
  "fields": {
    "workflow": 1
  }
},
{
  "model": "wagtailcore.workflowtask",
  "pk": 1,
  "fields": {
    "sort_order": 0,
    "workflow": 1,
    "task": 1
  }
},
{
  "model": "wagtailcore.task",
  "pk": 1,
  "fields": {
    "name": "Moderators approval",
    "content_type": [
      "wagtailcore",
      "groupapprovaltask"
    ],
    "active": true
  }
},
{
  "model": "wagtailcore.workflow",
  "pk": 1,
  "fields": {
    "name": "Moderators approval",
    "active": true
  }
},
{
  "model": "auth.group",
  "pk": 1,
  "fields": {
    "name": "Moderators",
    "permissions": [
      [
        "access_admin",
        "wagtailadmin",
        "admin"
      ],
      [
        "add_document",
        "wagtaildocs",
        "document"
      ],
      [
        "change_document",
        "wagtaildocs",
        "document"
      ],
      [
        "choose_document",
        "wagtaildocs",
        "document"
      ],
      [
        "delete_document",
        "wagtaildocs",
        "document"
      ],
      [
        "add_image",
        "wagtailimages",
        "image"
      ],
      [
        "change_image",
        "wagtailimages",
        "image"
      ],
      [
        "delete_image",
        "wagtailimages",
        "image"
      ]
    ]
  }
},
{
  "model": "auth.group",
  "pk": 2,
  "fields": {
    "name": "Editors",
    "permissions": [
      [
        "access_admin",
        "wagtailadmin",
        "admin"
      ],
      [
        "add_document",
        "wagtaildocs",
        "document"
      ],
      [
        "change_document",
        "wagtaildocs",
        "document"
      ],
      [
        "choose_document",
        "wagtaildocs",
        "document"
      ],
      [
        "delete_document",
        "wagtaildocs",
        "document"
      ],
      [
        "add_image",
        "wagtailimages",
        "image"
      ],
      [
        "change_image",
        "wagtailimages",
        "image"
      ],
      [
        "delete_image",
        "wagtailimages",
        "image"
      ]
    ]
  }
},
{
  "model": "auth.user",
  "pk": 1,
  "fields": {
    "password": "pbkdf2_sha256$720000$HTwneTPvDaz4nNsmr2qBKm$gz66e8dROY9UAi1GOKxgEtYah0NcSAydcAMwjaWmEaM=",
    "last_login": "2024-05-02T11:44:28.590Z",
    "is_superuser": true,
    "username": "mohamed",
    "first_name": "",
    "last_name": "",
    "email": "mderkaoui10@gmail.com",
    "is_staff": true,
    "is_active": true,
    "date_joined": "2024-04-29T13:00:27.266Z",
    "groups": [],
    "user_permissions": []
  }
},
{
  "model": "contact.formfield",
  "pk": 1,
  "fields": {
    "sort_order": 0,
    "clean_name": "nombre",
    "label": "nombre",
    "field_type": "singleline",
    "required": true,
    "choices": "",
    "default_value": "",
    "help_text": "escribe",
    "page": 5
  }
},
{
  "model": "contact.formfield",
  "pk": 2,
  "fields": {
    "sort_order": 1,
    "clean_name": "tu_emal",
    "label": "tu emal",
    "field_type": "email",
    "required": true,
    "choices": "",
    "default_value": "",
    "help_text": "",
    "page": 5
  }
},
{
  "model": "contact.formfield",
  "pk": 3,
  "fields": {
    "sort_order": 2,
    "clean_name": "asunto",
    "label": "asunto",
    "field_type": "singleline",
    "required": true,
    "choices": "",
    "default_value": "",
    "help_text": "",
    "page": 5
  }
},
{
  "model": "contact.formfield",
  "pk": 4,
  "fields": {
    "sort_order": 3,
    "clean_name": "body",
    "label": "body",
    "field_type": "multiline",
    "required": false,
    "choices": "",
    "default_value": "",
    "help_text": "",
    "page": 5
  }
},
{
  "model": "contact.formpage",
  "pk": 5,
  "fields": {
    "to_address": "",
    "from_address": "",
    "subject": "",
    "intro": "<p data-block-key=\"mpdac\">contactarnos</p>",
    "thank_you_text": "<p data-block-key=\"0vaza\">graci</p>"
  }
},
{
  "model": "about_us.abouta_uspage",
  "pk": 4,
  "fields": {
    "body": "<p data-block-key=\"azc7n\"></p><embed embedtype=\"image\" format=\"right\" id=\"1\" alt=\"\"/><p data-block-key=\"6o96q\"></p><p data-block-key=\"88qvo\">DAM es una Empresa de Servicios Informáticos situada en Tauste.</p><p data-block-key=\"fsg66\"></p><p data-block-key=\"2lla5\">Tenemos una amplia experiencia de más 18 años en el sector informático ofreciendo a nuestros clientes un trato personal, profesional, y a su vez dando soluciones de una forma rápida y efectiva. Damos soporte técnico presencial y remoto, agilizando y acortando de este modo el tiempo de espera que ralentiza su negocio. Le asesoramos en la compra, reparación o reposición de los componentes informáticos que necesite. Desde un primer momento podrá contar con toda nuestra experiencia en asesoramiento sobre las soluciones a sus problemas informáticos, además de aconsejarle en mejorar su productividad a través de la tecnología más actual y adecuada a cada necesidad. Somos una empresa seria que mira por el bien de sus clientes, lo que nos permite decir, después de una dilatada experiencia, que somos una empresa en constante evolución y que gracias a eso seguimos funcionando con la misma fuerza y filosofía que al principio de nuestros tiempos. Conozca cómo podemos ayudarle en su día a día tecnológico. No se preocupe, seguro que tenemos un plan de soporte adecuado para usted.</p><p data-block-key=\"80scq\"></p>"
  }
},
{
  "model": "wagtailcore.pagesubscription",
  "pk": 1,
  "fields": {
    "user": [
      "mohamed"
    ],
    "page": 2,
    "comment_notifications": false
  }
},
{
  "model": "wagtailcore.pagesubscription",
  "pk": 2,
  "fields": {
    "user": [
      "mohamed"
    ],
    "page": 3,
    "comment_notifications": true
  }
},
{
  "model": "wagtailcore.pagesubscription",
  "pk": 3,
  "fields": {
    "user": [
      "mohamed"
    ],
    "page": 4,
    "comment_notifications": true
  }
},
{
  "model": "wagtailcore.pagesubscription",
  "pk": 4,
  "fields": {
    "user": [
      "mohamed"
    ],
    "page": 5,
    "comment_notifications": true
  }
},
{
  "model": "wagtailcore.pagelogentry",
  "pk": 1,
  "fields": {
    "content_type": [
      "wagtailcore",
      "page"
    ],
    "label": "inicio",
    "action": "wagtail.edit",
    "data": {},
    "timestamp": "2024-04-29T13:09:36.835Z",
    "uuid": "a7bf34d2-9307-454b-bb44-41f5e98b3894",
    "user": [
      "mohamed"
    ],
    "revision": 1,
    "content_changed": true,
    "deleted": false,
    "page": 2
  }
},
{
  "model": "wagtailcore.pagelogentry",
  "pk": 2,
  "fields": {
    "content_type": [
      "wagtailcore",
      "page"
    ],
    "label": "inicio",
    "action": "wagtail.unpublish",
    "data": {},
    "timestamp": "2024-04-29T13:09:48.113Z",
    "uuid": "7f0dcfea-139f-4ad5-8105-43d6c9c28a98",
    "user": [
      "mohamed"
    ],
    "revision": null,
    "content_changed": false,
    "deleted": false,
    "page": 2
  }
},
{
  "model": "wagtailcore.pagelogentry",
  "pk": 3,
  "fields": {
    "content_type": [
      "wagtailcore",
      "page"
    ],
    "label": "inicio",
    "action": "wagtail.edit",
    "data": {},
    "timestamp": "2024-04-29T13:10:25.851Z",
    "uuid": "b6247816-e250-4233-bd37-cf2e5cabd93d",
    "user": [
      "mohamed"
    ],
    "revision": 2,
    "content_changed": true,
    "deleted": false,
    "page": 2
  }
},
{
  "model": "wagtailcore.pagelogentry",
  "pk": 4,
  "fields": {
    "content_type": [
      "wagtailcore",
      "page"
    ],
    "label": "inicio",
    "action": "wagtail.publish",
    "data": {},
    "timestamp": "2024-04-29T13:10:25.943Z",
    "uuid": "b6247816-e250-4233-bd37-cf2e5cabd93d",
    "user": [
      "mohamed"
    ],
    "revision": 2,
    "content_changed": false,
    "deleted": false,
    "page": 2
  }
},
{
  "model": "wagtailcore.pagelogentry",
  "pk": 5,
  "fields": {
    "content_type": [
      "home",
      "homepage"
    ],
    "label": "home",
    "action": "wagtail.create",
    "data": {},
    "timestamp": "2024-04-29T13:20:53.001Z",
    "uuid": "8f8893df-403f-4ddc-9575-b31ef49c6d97",
    "user": [
      "mohamed"
    ],
    "revision": null,
    "content_changed": true,
    "deleted": false,
    "page": 3
  }
},
{
  "model": "wagtailcore.pagelogentry",
  "pk": 6,
  "fields": {
    "content_type": [
      "home",
      "homepage"
    ],
    "label": "home",
    "action": "wagtail.edit",
    "data": {},
    "timestamp": "2024-04-29T13:20:53.065Z",
    "uuid": "8f8893df-403f-4ddc-9575-b31ef49c6d97",
    "user": [
      "mohamed"
    ],
    "revision": 3,
    "content_changed": true,
    "deleted": false,
    "page": 3
  }
},
{
  "model": "wagtailcore.pagelogentry",
  "pk": 7,
  "fields": {
    "content_type": [
      "home",
      "homepage"
    ],
    "label": "home",
    "action": "wagtail.publish",
    "data": {},
    "timestamp": "2024-04-29T13:20:53.191Z",
    "uuid": "8f8893df-403f-4ddc-9575-b31ef49c6d97",
    "user": [
      "mohamed"
    ],
    "revision": 3,
    "content_changed": true,
    "deleted": false,
    "page": 3
  }
},
{
  "model": "wagtailcore.pagelogentry",
  "pk": 8,
  "fields": {
    "content_type": [
      "wagtailcore",
      "page"
    ],
    "label": "indam",
    "action": "wagtail.edit",
    "data": {},
    "timestamp": "2024-04-29T13:26:13.159Z",
    "uuid": "34f82b67-9908-4e01-b6ca-8c55eea086a7",
    "user": [
      "mohamed"
    ],
    "revision": 4,
    "content_changed": true,
    "deleted": false,
    "page": 2
  }
},
{
  "model": "wagtailcore.pagelogentry",
  "pk": 9,
  "fields": {
    "content_type": [
      "wagtailcore",
      "page"
    ],
    "label": "indam",
    "action": "wagtail.rename",
    "data": {
      "title": {
        "old": "inicio",
        "new": "indam"
      }
    },
    "timestamp": "2024-04-29T13:26:13.270Z",
    "uuid": "34f82b67-9908-4e01-b6ca-8c55eea086a7",
    "user": [
      "mohamed"
    ],
    "revision": 4,
    "content_changed": false,
    "deleted": false,
    "page": 2
  }
},
{
  "model": "wagtailcore.pagelogentry",
  "pk": 10,
  "fields": {
    "content_type": [
      "wagtailcore",
      "page"
    ],
    "label": "indam",
    "action": "wagtail.publish",
    "data": {
      "title": {
        "old": "inicio",
        "new": "indam"
      }
    },
    "timestamp": "2024-04-29T13:26:13.284Z",
    "uuid": "34f82b67-9908-4e01-b6ca-8c55eea086a7",
    "user": [
      "mohamed"
    ],
    "revision": 4,
    "content_changed": true,
    "deleted": false,
    "page": 2
  }
},
{
  "model": "wagtailcore.pagelogentry",
  "pk": 11,
  "fields": {
    "content_type": [
      "wagtailcore",
      "page"
    ],
    "label": "indam",
    "action": "wagtail.edit",
    "data": {},
    "timestamp": "2024-04-29T13:27:21.558Z",
    "uuid": "37b736c9-59c3-49d2-bf52-0f40ab85a921",
    "user": [
      "mohamed"
    ],
    "revision": 5,
    "content_changed": true,
    "deleted": false,
    "page": 2
  }
},
{
  "model": "wagtailcore.pagelogentry",
  "pk": 12,
  "fields": {
    "content_type": [
      "about_us",
      "abouta_uspage"
    ],
    "label": "Empresa",
    "action": "wagtail.create",
    "data": {},
    "timestamp": "2024-04-29T15:36:22.747Z",
    "uuid": "19f20da3-3971-4e32-9ecb-ded121cc68b9",
    "user": [
      "mohamed"
    ],
    "revision": null,
    "content_changed": true,
    "deleted": false,
    "page": 4
  }
},
{
  "model": "wagtailcore.pagelogentry",
  "pk": 13,
  "fields": {
    "content_type": [
      "about_us",
      "abouta_uspage"
    ],
    "label": "Empresa",
    "action": "wagtail.edit",
    "data": {},
    "timestamp": "2024-04-29T15:36:23.269Z",
    "uuid": "19f20da3-3971-4e32-9ecb-ded121cc68b9",
    "user": [
      "mohamed"
    ],
    "revision": 6,
    "content_changed": true,
    "deleted": false,
    "page": 4
  }
},
{
  "model": "wagtailcore.pagelogentry",
  "pk": 14,
  "fields": {
    "content_type": [
      "about_us",
      "abouta_uspage"
    ],
    "label": "Empresa",
    "action": "wagtail.edit",
    "data": {},
    "timestamp": "2024-04-29T15:44:07.901Z",
    "uuid": "28a07a0c-af4c-4b70-8207-c2608aef2ca5",
    "user": [
      "mohamed"
    ],
    "revision": 7,
    "content_changed": true,
    "deleted": false,
    "page": 4
  }
},
{
  "model": "wagtailcore.pagelogentry",
  "pk": 15,
  "fields": {
    "content_type": [
      "about_us",
      "abouta_uspage"
    ],
    "label": "Empresa",
    "action": "wagtail.edit",
    "data": {},
    "timestamp": "2024-04-29T15:44:18.343Z",
    "uuid": "13d2a224-e376-4e2e-95d8-9f7b2d25ee82",
    "user": [
      "mohamed"
    ],
    "revision": 8,
    "content_changed": true,
    "deleted": false,
    "page": 4
  }
},
{
  "model": "wagtailcore.pagelogentry",
  "pk": 16,
  "fields": {
    "content_type": [
      "about_us",
      "abouta_uspage"
    ],
    "label": "Empresa",
    "action": "wagtail.publish",
    "data": {},
    "timestamp": "2024-04-29T15:44:18.440Z",
    "uuid": "13d2a224-e376-4e2e-95d8-9f7b2d25ee82",
    "user": [
      "mohamed"
    ],
    "revision": 8,
    "content_changed": false,
    "deleted": false,
    "page": 4
  }
},
{
  "model": "wagtailcore.pagelogentry",
  "pk": 17,
  "fields": {
    "content_type": [
      "contact",
      "formpage"
    ],
    "label": "contactarnos",
    "action": "wagtail.create",
    "data": {},
    "timestamp": "2024-05-02T15:27:19.354Z",
    "uuid": "cce27ca4-ea17-4f56-9641-29542cc2937d",
    "user": [
      "mohamed"
    ],
    "revision": null,
    "content_changed": true,
    "deleted": false,
    "page": 5
  }
},
{
  "model": "wagtailcore.pagelogentry",
  "pk": 18,
  "fields": {
    "content_type": [
      "contact",
      "formpage"
    ],
    "label": "contactarnos",
    "action": "wagtail.edit",
    "data": {},
    "timestamp": "2024-05-02T15:27:19.584Z",
    "uuid": "cce27ca4-ea17-4f56-9641-29542cc2937d",
    "user": [
      "mohamed"
    ],
    "revision": 9,
    "content_changed": true,
    "deleted": false,
    "page": 5
  }
},
{
  "model": "wagtailcore.pagelogentry",
  "pk": 19,
  "fields": {
    "content_type": [
      "contact",
      "formpage"
    ],
    "label": "contactarnos",
    "action": "wagtail.edit",
    "data": {},
    "timestamp": "2024-05-02T15:27:39.357Z",
    "uuid": "4f37f231-5456-48e8-a1b3-1f4099c44ed5",
    "user": [
      "mohamed"
    ],
    "revision": 10,
    "content_changed": true,
    "deleted": false,
    "page": 5
  }
},
{
  "model": "wagtailcore.pagelogentry",
  "pk": 20,
  "fields": {
    "content_type": [
      "contact",
      "formpage"
    ],
    "label": "contactarnos",
    "action": "wagtail.publish",
    "data": {},
    "timestamp": "2024-05-02T15:27:39.467Z",
    "uuid": "4f37f231-5456-48e8-a1b3-1f4099c44ed5",
    "user": [
      "mohamed"
    ],
    "revision": 10,
    "content_changed": false,
    "deleted": false,
    "page": 5
  }
},
{
  "model": "wagtailcore.groupapprovaltask",
  "pk": 1,
  "fields": {
    "groups": [
      [
        "Moderators"
      ]
    ]
  }
},
{
  "model": "wagtailcore.revision",
  "pk": 1,
  "fields": {
    "content_type": [
      "wagtailcore",
      "page"
    ],
    "base_content_type": [
      "wagtailcore",
      "page"
    ],
    "object_id": "2",
    "created_at": "2024-04-29T13:09:36.771Z",
    "user": [
      "mohamed"
    ],
    "object_str": "inicio",
    "content": {
      "pk": 2,
      "path": "00010001",
      "depth": 2,
      "numchild": 0,
      "translation_key": "fbdf993b-4c78-47c1-838f-0f295837717b",
      "locale": 1,
      "latest_revision": null,
      "live": true,
      "has_unpublished_changes": false,
      "first_published_at": null,
      "last_published_at": null,
      "live_revision": null,
      "go_live_at": null,
      "expire_at": null,
      "expired": false,
      "locked": false,
      "locked_at": null,
      "locked_by": null,
      "title": "inicio",
      "draft_title": "Welcome to your new Wagtail site!",
      "slug": "home",
      "content_type": 1,
      "url_path": "/home/",
      "owner": null,
      "seo_title": "",
      "show_in_menus": false,
      "search_description": "",
      "latest_revision_created_at": null,
      "alias_of": null,
      "wagtail_admin_comments": []
    },
    "approved_go_live_at": null
  }
},
{
  "model": "wagtailcore.revision",
  "pk": 2,
  "fields": {
    "content_type": [
      "wagtailcore",
      "page"
    ],
    "base_content_type": [
      "wagtailcore",
      "page"
    ],
    "object_id": "2",
    "created_at": "2024-04-29T13:10:25.808Z",
    "user": [
      "mohamed"
    ],
    "object_str": "inicio",
    "content": {
      "pk": 2,
      "path": "00010001",
      "depth": 2,
      "numchild": 0,
      "translation_key": "fbdf993b-4c78-47c1-838f-0f295837717b",
      "locale": 1,
      "latest_revision": 1,
      "live": false,
      "has_unpublished_changes": true,
      "first_published_at": null,
      "last_published_at": null,
      "live_revision": null,
      "go_live_at": null,
      "expire_at": null,
      "expired": false,
      "locked": false,
      "locked_at": null,
      "locked_by": null,
      "title": "inicio",
      "draft_title": "inicio",
      "slug": "home",
      "content_type": 1,
      "url_path": "/home/",
      "owner": null,
      "seo_title": "",
      "show_in_menus": false,
      "search_description": "",
      "latest_revision_created_at": "2024-04-29T13:09:36.771Z",
      "alias_of": null,
      "wagtail_admin_comments": []
    },
    "approved_go_live_at": null
  }
},
{
  "model": "wagtailcore.revision",
  "pk": 3,
  "fields": {
    "content_type": [
      "home",
      "homepage"
    ],
    "base_content_type": [
      "wagtailcore",
      "page"
    ],
    "object_id": "3",
    "created_at": "2024-04-29T13:20:53.032Z",
    "user": [
      "mohamed"
    ],
    "object_str": "home",
    "content": {
      "pk": 3,
      "path": "000100010001",
      "depth": 3,
      "numchild": 0,
      "translation_key": "ec624a6d-8faa-4037-a11f-04ec807efdec",
      "locale": 1,
      "latest_revision": null,
      "live": true,
      "has_unpublished_changes": false,
      "first_published_at": null,
      "last_published_at": null,
      "live_revision": null,
      "go_live_at": null,
      "expire_at": null,
      "expired": false,
      "locked": false,
      "locked_at": null,
      "locked_by": null,
      "title": "home",
      "draft_title": "home",
      "slug": "home",
      "content_type": 27,
      "url_path": "/home/home/",
      "owner": 1,
      "seo_title": "",
      "show_in_menus": false,
      "search_description": "",
      "latest_revision_created_at": null,
      "alias_of": null,
      "image": 1,
      "hero_text": "k",
      "hero_cta": "c",
      "hero_cta_link": null,
      "body": "<p data-block-key=\"gvqne\">fd</p>",
      "wagtail_admin_comments": []
    },
    "approved_go_live_at": null
  }
},
{
  "model": "wagtailcore.revision",
  "pk": 4,
  "fields": {
    "content_type": [
      "wagtailcore",
      "page"
    ],
    "base_content_type": [
      "wagtailcore",
      "page"
    ],
    "object_id": "2",
    "created_at": "2024-04-29T13:26:13.120Z",
    "user": [
      "mohamed"
    ],
    "object_str": "indam",
    "content": {
      "pk": 2,
      "path": "00010001",
      "depth": 2,
      "numchild": 1,
      "translation_key": "fbdf993b-4c78-47c1-838f-0f295837717b",
      "locale": 1,
      "latest_revision": 2,
      "live": true,
      "has_unpublished_changes": false,
      "first_published_at": "2024-04-29T13:10:25.886Z",
      "last_published_at": "2024-04-29T13:10:25.886Z",
      "live_revision": 2,
      "go_live_at": null,
      "expire_at": null,
      "expired": false,
      "locked": false,
      "locked_at": null,
      "locked_by": null,
      "title": "indam",
      "draft_title": "inicio",
      "slug": "home",
      "content_type": 1,
      "url_path": "/home/",
      "owner": null,
      "seo_title": "inicio",
      "show_in_menus": true,
      "search_description": "",
      "latest_revision_created_at": "2024-04-29T13:10:25.808Z",
      "alias_of": null,
      "wagtail_admin_comments": []
    },
    "approved_go_live_at": null
  }
},
{
  "model": "wagtailcore.revision",
  "pk": 5,
  "fields": {
    "content_type": [
      "wagtailcore",
      "page"
    ],
    "base_content_type": [
      "wagtailcore",
      "page"
    ],
    "object_id": "2",
    "created_at": "2024-04-29T13:27:21.523Z",
    "user": [
      "mohamed"
    ],
    "object_str": "indam",
    "content": {
      "pk": 2,
      "path": "00010001",
      "depth": 2,
      "numchild": 1,
      "translation_key": "fbdf993b-4c78-47c1-838f-0f295837717b",
      "locale": 1,
      "latest_revision": 4,
      "live": true,
      "has_unpublished_changes": false,
      "first_published_at": "2024-04-29T13:10:25.886Z",
      "last_published_at": "2024-04-29T13:26:13.199Z",
      "live_revision": 4,
      "go_live_at": null,
      "expire_at": null,
      "expired": false,
      "locked": false,
      "locked_at": null,
      "locked_by": null,
      "title": "indam",
      "draft_title": "indam",
      "slug": "home",
      "content_type": 1,
      "url_path": "/home/",
      "owner": null,
      "seo_title": "inicio",
      "show_in_menus": true,
      "search_description": "",
      "latest_revision_created_at": "2024-04-29T13:26:13.120Z",
      "alias_of": null,
      "wagtail_admin_comments": []
    },
    "approved_go_live_at": null
  }
},
{
  "model": "wagtailcore.revision",
  "pk": 6,
  "fields": {
    "content_type": [
      "about_us",
      "abouta_uspage"
    ],
    "base_content_type": [
      "wagtailcore",
      "page"
    ],
    "object_id": "4",
    "created_at": "2024-04-29T15:36:22.924Z",
    "user": [
      "mohamed"
    ],
    "object_str": "Empresa",
    "content": {
      "pk": 4,
      "path": "0001000100010001",
      "depth": 4,
      "numchild": 0,
      "translation_key": "8041974b-54a7-4ce2-b308-53564cce2875",
      "locale": 1,
      "latest_revision": null,
      "live": false,
      "has_unpublished_changes": false,
      "first_published_at": null,
      "last_published_at": null,
      "live_revision": null,
      "go_live_at": null,
      "expire_at": null,
      "expired": false,
      "locked": false,
      "locked_at": null,
      "locked_by": null,
      "title": "Empresa",
      "draft_title": "Empresa",
      "slug": "empresa",
      "content_type": 51,
      "url_path": "/home/home/empresa/",
      "owner": 1,
      "seo_title": "",
      "show_in_menus": false,
      "search_description": "",
      "latest_revision_created_at": null,
      "alias_of": null,
      "body": "<p data-block-key=\"azc7n\"> </p><embed embedtype=\"image\" format=\"right\" id=\"1\" alt=\"\"/><p data-block-key=\"6o96q\"></p><p data-block-key=\"88qvo\">DAM es una Empresa de Servicios Informáticos situada en Tauste.</p><p data-block-key=\"fsg66\"> </p><p data-block-key=\"2lla5\">Tenemos una amplia experiencia de más 18 años en el sector informático ofreciendo a nuestros clientes un trato personal, profesional, y a su vez dando soluciones de una forma rápida y efectiva. Damos soporte técnico presencial y remoto, agilizando y acortando de este modo el tiempo de espera que ralentiza su negocio. Le asesoramos en la compra, reparación o reposición de los componentes informáticos que necesite. Desde un primer momento podrá contar con toda nuestra experiencia en asesoramiento sobre las soluciones a sus problemas informáticos, además de aconsejarle en mejorar su productividad a través de la tecnología más actual y adecuada a cada necesidad. Somos una empresa seria que mira por el bien de sus clientes, lo que nos permite decir, después de una dilatada experiencia, que somos una empresa en constante evolución y que gracias a eso seguimos funcionando con la misma fuerza y filosofía que al principio de nuestros tiempos. Conozca cómo podemos ayudarle en su día a día tecnológico. No se preocupe, seguro que tenemos un plan de soporte adecuado para usted.</p><p data-block-key=\"80scq\"> </p>",
      "wagtail_admin_comments": []
    },
    "approved_go_live_at": null
  }
},
{
  "model": "wagtailcore.revision",
  "pk": 7,
  "fields": {
    "content_type": [
      "about_us",
      "abouta_uspage"
    ],
    "base_content_type": [
      "wagtailcore",
      "page"
    ],
    "object_id": "4",
    "created_at": "2024-04-29T15:44:07.830Z",
    "user": [
      "mohamed"
    ],
    "object_str": "Empresa",
    "content": {
      "pk": 4,
      "path": "0001000100010001",
      "depth": 4,
      "numchild": 0,
      "translation_key": "8041974b-54a7-4ce2-b308-53564cce2875",
      "locale": 1,
      "latest_revision": 6,
      "live": false,
      "has_unpublished_changes": true,
      "first_published_at": null,
      "last_published_at": null,
      "live_revision": null,
      "go_live_at": null,
      "expire_at": null,
      "expired": false,
      "locked": false,
      "locked_at": null,
      "locked_by": null,
      "title": "Empresa",
      "draft_title": "Empresa",
      "slug": "empresa",
      "content_type": 51,
      "url_path": "/home/home/empresa/",
      "owner": 1,
      "seo_title": "",
      "show_in_menus": false,
      "search_description": "",
      "latest_revision_created_at": "2024-04-29T15:36:22.924Z",
      "alias_of": null,
      "body": "<p data-block-key=\"azc7n\"></p><embed embedtype=\"image\" format=\"right\" id=\"1\" alt=\"\"/><p data-block-key=\"6o96q\"></p><p data-block-key=\"88qvo\">DAM es una Empresa de Servicios Informáticos situada en Tauste.</p><p data-block-key=\"fsg66\"></p><p data-block-key=\"2lla5\">Tenemos una amplia experiencia de más 18 años en el sector informático ofreciendo a nuestros clientes un trato personal, profesional, y a su vez dando soluciones de una forma rápida y efectiva. Damos soporte técnico presencial y remoto, agilizando y acortando de este modo el tiempo de espera que ralentiza su negocio. Le asesoramos en la compra, reparación o reposición de los componentes informáticos que necesite. Desde un primer momento podrá contar con toda nuestra experiencia en asesoramiento sobre las soluciones a sus problemas informáticos, además de aconsejarle en mejorar su productividad a través de la tecnología más actual y adecuada a cada necesidad. Somos una empresa seria que mira por el bien de sus clientes, lo que nos permite decir, después de una dilatada experiencia, que somos una empresa en constante evolución y que gracias a eso seguimos funcionando con la misma fuerza y filosofía que al principio de nuestros tiempos. Conozca cómo podemos ayudarle en su día a día tecnológico. No se preocupe, seguro que tenemos un plan de soporte adecuado para usted.</p><p data-block-key=\"80scq\"></p>",
      "wagtail_admin_comments": []
    },
    "approved_go_live_at": null
  }
},
{
  "model": "wagtailcore.revision",
  "pk": 8,
  "fields": {
    "content_type": [
      "about_us",
      "abouta_uspage"
    ],
    "base_content_type": [
      "wagtailcore",
      "page"
    ],
    "object_id": "4",
    "created_at": "2024-04-29T15:44:18.307Z",
    "user": [
      "mohamed"
    ],
    "object_str": "Empresa",
    "content": {
      "pk": 4,
      "path": "0001000100010001",
      "depth": 4,
      "numchild": 0,
      "translation_key": "8041974b-54a7-4ce2-b308-53564cce2875",
      "locale": 1,
      "latest_revision": 7,
      "live": false,
      "has_unpublished_changes": true,
      "first_published_at": null,
      "last_published_at": null,
      "live_revision": null,
      "go_live_at": null,
      "expire_at": null,
      "expired": false,
      "locked": false,
      "locked_at": null,
      "locked_by": null,
      "title": "Empresa",
      "draft_title": "Empresa",
      "slug": "empresa",
      "content_type": 51,
      "url_path": "/home/home/empresa/",
      "owner": 1,
      "seo_title": "",
      "show_in_menus": false,
      "search_description": "",
      "latest_revision_created_at": "2024-04-29T15:44:07.830Z",
      "alias_of": null,
      "body": "<p data-block-key=\"azc7n\"></p><embed embedtype=\"image\" format=\"right\" id=\"1\" alt=\"\"/><p data-block-key=\"6o96q\"></p><p data-block-key=\"88qvo\">DAM es una Empresa de Servicios Informáticos situada en Tauste.</p><p data-block-key=\"fsg66\"></p><p data-block-key=\"2lla5\">Tenemos una amplia experiencia de más 18 años en el sector informático ofreciendo a nuestros clientes un trato personal, profesional, y a su vez dando soluciones de una forma rápida y efectiva. Damos soporte técnico presencial y remoto, agilizando y acortando de este modo el tiempo de espera que ralentiza su negocio. Le asesoramos en la compra, reparación o reposición de los componentes informáticos que necesite. Desde un primer momento podrá contar con toda nuestra experiencia en asesoramiento sobre las soluciones a sus problemas informáticos, además de aconsejarle en mejorar su productividad a través de la tecnología más actual y adecuada a cada necesidad. Somos una empresa seria que mira por el bien de sus clientes, lo que nos permite decir, después de una dilatada experiencia, que somos una empresa en constante evolución y que gracias a eso seguimos funcionando con la misma fuerza y filosofía que al principio de nuestros tiempos. Conozca cómo podemos ayudarle en su día a día tecnológico. No se preocupe, seguro que tenemos un plan de soporte adecuado para usted.</p><p data-block-key=\"80scq\"></p>",
      "wagtail_admin_comments": []
    },
    "approved_go_live_at": null
  }
},
{
  "model": "wagtailcore.revision",
  "pk": 9,
  "fields": {
    "content_type": [
      "contact",
      "formpage"
    ],
    "base_content_type": [
      "wagtailcore",
      "page"
    ],
    "object_id": "5",
    "created_at": "2024-05-02T15:27:19.451Z",
    "user": [
      "mohamed"
    ],
    "object_str": "contactarnos",
    "content": {
      "pk": 5,
      "path": "0001000100010002",
      "depth": 4,
      "numchild": 0,
      "translation_key": "472e462b-c42c-4d03-9fe3-50fc06d17d36",
      "locale": 1,
      "latest_revision": null,
      "live": false,
      "has_unpublished_changes": false,
      "first_published_at": null,
      "last_published_at": null,
      "live_revision": null,
      "go_live_at": null,
      "expire_at": null,
      "expired": false,
      "locked": false,
      "locked_at": null,
      "locked_by": null,
      "title": "contactarnos",
      "draft_title": "contactarnos",
      "slug": "contactarnos",
      "content_type": 46,
      "url_path": "/home/home/contactarnos/",
      "owner": 1,
      "seo_title": "",
      "show_in_menus": false,
      "search_description": "",
      "latest_revision_created_at": null,
      "alias_of": null,
      "to_address": "",
      "from_address": "",
      "subject": "",
      "intro": "<p data-block-key=\"mpdac\">contactarnos</p>",
      "thank_you_text": "<p data-block-key=\"0vaza\">graci</p>",
      "wagtail_admin_comments": [],
      "form_fields": [
        {
          "pk": 1,
          "sort_order": 0,
          "clean_name": "nombre",
          "label": "nombre",
          "field_type": "singleline",
          "required": true,
          "choices": "",
          "default_value": "",
          "help_text": "escribe",
          "page": 5
        },
        {
          "pk": 2,
          "sort_order": 1,
          "clean_name": "tu_emal",
          "label": "tu emal",
          "field_type": "email",
          "required": true,
          "choices": "",
          "default_value": "",
          "help_text": "",
          "page": 5
        },
        {
          "pk": 3,
          "sort_order": 2,
          "clean_name": "asunto",
          "label": "asunto",
          "field_type": "singleline",
          "required": true,
          "choices": "",
          "default_value": "",
          "help_text": "",
          "page": 5
        },
        {
          "pk": 4,
          "sort_order": 3,
          "clean_name": "body",
          "label": "body",
          "field_type": "multiline",
          "required": false,
          "choices": "",
          "default_value": "",
          "help_text": "",
          "page": 5
        }
      ]
    },
    "approved_go_live_at": null
  }
},
{
  "model": "wagtailcore.revision",
  "pk": 10,
  "fields": {
    "content_type": [
      "contact",
      "formpage"
    ],
    "base_content_type": [
      "wagtailcore",
      "page"
    ],
    "object_id": "5",
    "created_at": "2024-05-02T15:27:39.319Z",
    "user": [
      "mohamed"
    ],
    "object_str": "contactarnos",
    "content": {
      "pk": 5,
      "path": "0001000100010002",
      "depth": 4,
      "numchild": 0,
      "translation_key": "472e462b-c42c-4d03-9fe3-50fc06d17d36",
      "locale": 1,
      "latest_revision": 9,
      "live": false,
      "has_unpublished_changes": true,
      "first_published_at": null,
      "last_published_at": null,
      "live_revision": null,
      "go_live_at": null,
      "expire_at": null,
      "expired": false,
      "locked": false,
      "locked_at": null,
      "locked_by": null,
      "title": "contactarnos",
      "draft_title": "contactarnos",
      "slug": "contactarnos",
      "content_type": 46,
      "url_path": "/home/home/contactarnos/",
      "owner": 1,
      "seo_title": "",
      "show_in_menus": false,
      "search_description": "",
      "latest_revision_created_at": "2024-05-02T15:27:19.451Z",
      "alias_of": null,
      "to_address": "",
      "from_address": "",
      "subject": "",
      "intro": "<p data-block-key=\"mpdac\">contactarnos</p>",
      "thank_you_text": "<p data-block-key=\"0vaza\">graci</p>",
      "wagtail_admin_comments": [],
      "form_fields": [
        {
          "pk": 1,
          "sort_order": 0,
          "clean_name": "nombre",
          "label": "nombre",
          "field_type": "singleline",
          "required": true,
          "choices": "",
          "default_value": "",
          "help_text": "escribe",
          "page": 5
        },
        {
          "pk": 2,
          "sort_order": 1,
          "clean_name": "tu_emal",
          "label": "tu emal",
          "field_type": "email",
          "required": true,
          "choices": "",
          "default_value": "",
          "help_text": "",
          "page": 5
        },
        {
          "pk": 3,
          "sort_order": 2,
          "clean_name": "asunto",
          "label": "asunto",
          "field_type": "singleline",
          "required": true,
          "choices": "",
          "default_value": "",
          "help_text": "",
          "page": 5
        },
        {
          "pk": 4,
          "sort_order": 3,
          "clean_name": "body",
          "label": "body",
          "field_type": "multiline",
          "required": false,
          "choices": "",
          "default_value": "",
          "help_text": "",
          "page": 5
        }
      ]
    },
    "approved_go_live_at": null
  }
},
{
  "model": "wagtailcore.page",
  "pk": 1,
  "fields": {
    "path": "0001",
    "depth": 1,
    "numchild": 1,
    "translation_key": "861a58db-5146-45fe-be70-2505acbb16e3",
    "locale": 1,
    "latest_revision": null,
    "live": true,
    "has_unpublished_changes": false,
    "first_published_at": null,
    "last_published_at": null,
    "live_revision": null,
    "go_live_at": null,
    "expire_at": null,
    "expired": false,
    "locked": false,
    "locked_at": null,
    "locked_by": null,
    "title": "Root",
    "draft_title": "Root",
    "slug": "root",
    "content_type": [
      "wagtailcore",
      "page"
    ],
    "url_path": "/",
    "owner": null,
    "seo_title": "",
    "show_in_menus": false,
    "search_description": "",
    "latest_revision_created_at": null,
    "alias_of": null
  }
},
{
  "model": "wagtailcore.page",
  "pk": 2,
  "fields": {
    "path": "00010001",
    "depth": 2,
    "numchild": 1,
    "translation_key": "fbdf993b-4c78-47c1-838f-0f295837717b",
    "locale": 1,
    "latest_revision": 5,
    "live": true,
    "has_unpublished_changes": true,
    "first_published_at": "2024-04-29T13:10:25.886Z",
    "last_published_at": "2024-04-29T13:26:13.199Z",
    "live_revision": 4,
    "go_live_at": null,
    "expire_at": null,
    "expired": false,
    "locked": false,
    "locked_at": null,
    "locked_by": null,
    "title": "indam",
    "draft_title": "indam",
    "slug": "home",
    "content_type": [
      "wagtailcore",
      "page"
    ],
    "url_path": "/home/",
    "owner": null,
    "seo_title": "inicio",
    "show_in_menus": true,
    "search_description": "",
    "latest_revision_created_at": "2024-04-29T13:27:21.523Z",
    "alias_of": null
  }
},
{
  "model": "wagtailcore.page",
  "pk": 3,
  "fields": {
    "path": "000100010001",
    "depth": 3,
    "numchild": 2,
    "translation_key": "ec624a6d-8faa-4037-a11f-04ec807efdec",
    "locale": 1,
    "latest_revision": 3,
    "live": true,
    "has_unpublished_changes": false,
    "first_published_at": "2024-04-29T13:20:53.117Z",
    "last_published_at": "2024-04-29T13:20:53.117Z",
    "live_revision": 3,
    "go_live_at": null,
    "expire_at": null,
    "expired": false,
    "locked": false,
    "locked_at": null,
    "locked_by": null,
    "title": "home",
    "draft_title": "home",
    "slug": "home",
    "content_type": [
      "home",
      "homepage"
    ],
    "url_path": "/home/home/",
    "owner": [
      "mohamed"
    ],
    "seo_title": "",
    "show_in_menus": false,
    "search_description": "",
    "latest_revision_created_at": "2024-04-29T13:20:53.032Z",
    "alias_of": null
  }
},
{
  "model": "wagtailcore.page",
  "pk": 4,
  "fields": {
    "path": "0001000100010001",
    "depth": 4,
    "numchild": 0,
    "translation_key": "8041974b-54a7-4ce2-b308-53564cce2875",
    "locale": 1,
    "latest_revision": 8,
    "live": true,
    "has_unpublished_changes": false,
    "first_published_at": "2024-04-29T15:44:18.382Z",
    "last_published_at": "2024-04-29T15:44:18.382Z",
    "live_revision": 8,
    "go_live_at": null,
    "expire_at": null,
    "expired": false,
    "locked": false,
    "locked_at": null,
    "locked_by": null,
    "title": "Empresa",
    "draft_title": "Empresa",
    "slug": "empresa",
    "content_type": [
      "about_us",
      "abouta_uspage"
    ],
    "url_path": "/home/home/empresa/",
    "owner": [
      "mohamed"
    ],
    "seo_title": "",
    "show_in_menus": false,
    "search_description": "",
    "latest_revision_created_at": "2024-04-29T15:44:18.307Z",
    "alias_of": null
  }
},
{
  "model": "wagtailcore.page",
  "pk": 5,
  "fields": {
    "path": "0001000100010002",
    "depth": 4,
    "numchild": 0,
    "translation_key": "472e462b-c42c-4d03-9fe3-50fc06d17d36",
    "locale": 1,
    "latest_revision": 10,
    "live": true,
    "has_unpublished_changes": false,
    "first_published_at": "2024-05-02T15:27:39.401Z",
    "last_published_at": "2024-05-02T15:27:39.401Z",
    "live_revision": 10,
    "go_live_at": null,
    "expire_at": null,
    "expired": false,
    "locked": false,
    "locked_at": null,
    "locked_by": null,
    "title": "contactarnos",
    "draft_title": "contactarnos",
    "slug": "contactarnos",
    "content_type": [
      "contact",
      "formpage"
    ],
    "url_path": "/home/home/contactarnos/",
    "owner": [
      "mohamed"
    ],
    "seo_title": "",
    "show_in_menus": false,
    "search_description": "",
    "latest_revision_created_at": "2024-05-02T15:27:39.319Z",
    "alias_of": null
  }
},
{
  "model": "wagtailcore.modellogentry",
  "pk": 1,
  "fields": {
    "content_type": [
      "wagtailcore",
      "site"
    ],
    "label": "localhost:8000 [predeterminado]",
    "action": "wagtail.edit",
    "data": {},
    "timestamp": "2024-04-29T15:22:48.934Z",
    "uuid": "9aaee16e-482d-4a15-af8b-591ca832fefc",
    "user": [
      "mohamed"
    ],
    "revision": null,
    "content_changed": true,
    "deleted": false,
    "object_id": "1"
  }
},
{
  "model": "wagtailcore.modellogentry",
  "pk": 2,
  "fields": {
    "content_type": [
      "wagtailcore",
      "site"
    ],
    "label": "localhost:8000 [predeterminado]",
    "action": "wagtail.edit",
    "data": {},
    "timestamp": "2024-04-29T15:24:16.584Z",
    "uuid": "80fa4f93-b9b2-4aa1-a7ed-7424978969f0",
    "user": [
      "mohamed"
    ],
    "revision": null,
    "content_changed": true,
    "deleted": false,
    "object_id": "1"
  }
},
{
  "model": "wagtailcore.modellogentry",
  "pk": 3,
  "fields": {
    "content_type": [
      "wagtailcore",
      "site"
    ],
    "label": "localhost:8000 [predeterminado]",
    "action": "wagtail.edit",
    "data": {},
    "timestamp": "2024-04-29T15:24:41.066Z",
    "uuid": "cb1a4250-7bd0-4824-959e-b8960fd5018d",
    "user": [
      "mohamed"
    ],
    "revision": null,
    "content_changed": false,
    "deleted": false,
    "object_id": "1"
  }
},
{
  "model": "wagtailimages.image",
  "pk": 1,
  "fields": {
    "collection": 1,
    "title": "DElogo",
    "file": "original_images/DElogo_MUrvW99.png",
    "width": 400,
    "height": 96,
    "created_at": "2024-04-29T13:20:37.962Z",
    "uploaded_by_user": [
      "mohamed"
    ],
    "focal_point_x": null,
    "focal_point_y": null,
    "focal_point_width": null,
    "focal_point_height": null,
    "file_size": 27788,
    "file_hash": "d69b6f880b1ce87ac526c025ee45326189c4d784"
  }
},
{
  "model": "home.homepage",
  "pk": 3,
  "fields": {
    "image": 1,
    "hero_text": "k",
    "hero_cta": "c",
    "hero_cta_link": null,
    "body": "<p data-block-key=\"gvqne\">fd</p>"
  }
}
]
